Time [s],pos_x_chart_series_1,pos_x_chart_series_2,pos_y_chart_series_1,pos_y_chart_series_2,u_chart_series_1,u_chart_series_2
0.0000,-0.3663,-0.2473,-0.6084,0.2603,0.8955,-7.0289
0.0160,-0.3663,-0.2501,-0.6084,0.2559,0.8734,-7.1688
0.0320,-0.3663,-0.2528,-0.6063,0.2513,0.8515,-7.0013
0.0480,-0.3663,-0.2554,-0.6010,0.2466,0.8298,-6.7540
0.0640,-0.3668,-0.2581,-0.5979,0.2418,0.8390,-6.7859
0.0800,-0.3673,-0.2607,-0.5974,0.2368,0.8222,-6.8654
0.0960,-0.3673,-0.2633,-0.5974,0.2318,0.7749,-6.8435
0.1130,-0.3673,-0.2660,-0.5921,0.2263,0.7618,-6.5182
0.1300,-0.3684,-0.2687,-0.5822,0.2207,0.7905,-6.1444
0.1460,-0.3684,-0.2713,-0.5764,0.2153,0.7116,-6.2066
0.1620,-0.3689,-0.2738,-0.5675,0.2099,0.7301,-5.9399
0.1780,-0.3699,-0.2762,-0.5643,0.2043,0.7453,-6.1510
0.1940,-0.3705,-0.2787,-0.5560,0.1987,0.7038,-5.7662
0.2110,-0.3710,-0.2812,-0.5502,0.1927,0.6943,-5.8303
0.2270,-0.3715,-0.2836,-0.5397,0.1869,0.6651,-5.3988
0.2430,-0.3731,-0.2860,-0.5277,0.1811,0.7194,-5.1837
0.2590,-0.3741,-0.2883,-0.5219,0.1752,0.6831,-5.3972
0.2750,-0.3752,-0.2907,-0.5109,0.1693,0.6733,-4.9890
0.2910,-0.3752,-0.2930,-0.5078,0.1634,0.6024,-5.3029
0.3070,-0.3752,-0.2952,-0.5078,0.1574,0.5842,-5.4069
0.3230,-0.3752,-0.2975,-0.5078,0.1513,0.5662,-5.3530
0.3390,-0.3768,-0.2997,-0.5057,0.1452,0.6404,-5.1763
0.3560,-0.3773,-0.3020,-0.5057,0.1387,0.5797,-5.2449
0.3720,-0.3783,-0.3042,-0.5057,0.1325,0.5844,-5.1496
0.3880,-0.3794,-0.3063,-0.5041,0.1262,0.5829,-5.0220
0.4040,-0.3820,-0.3085,-0.5020,0.1199,0.6667,-4.9231
0.4210,-0.3825,-0.3107,-0.4873,0.1133,0.5540,-4.1761
0.4370,-0.3825,-0.3128,-0.4837,0.1070,0.4988,-4.5566
0.4530,-0.3825,-0.3148,-0.4758,0.1006,0.4890,-4.2452
0.4700,-0.3825,-0.3170,-0.4758,0.0939,0.4788,-4.6024
0.4860,-0.3825,-0.3190,-0.4716,0.0876,0.4494,-4.2603
0.5020,-0.3825,-0.3210,-0.4653,0.0812,0.4400,-4.0673
0.5180,-0.3825,-0.3229,-0.4653,0.0748,0.4244,-4.3274
0.5350,-0.3830,-0.3250,-0.4653,0.0680,0.4439,-4.2914
0.5520,-0.3836,-0.3270,-0.4706,0.0612,0.4265,-4.5055
0.5690,-0.3836,-0.3290,-0.4810,0.0544,0.3859,-4.7823
0.5860,-0.3836,-0.3309,-0.4842,0.0476,0.3703,-4.4043
0.6030,-0.3846,-0.3329,-0.4878,0.0407,0.4131,-4.4012
0.6190,-0.3857,-0.3347,-0.4910,0.0342,0.4041,-4.3332
0.6350,-0.3867,-0.3365,-0.4962,0.0277,0.4045,-4.4471
0.6510,-0.3867,-0.3382,-0.5004,0.0212,0.3380,-4.3745
0.6670,-0.3867,-0.3400,-0.5046,0.0147,0.3243,-4.3543
0.6830,-0.3883,-0.3417,-0.5161,0.0082,0.4027,-4.7631
0.6990,-0.3888,-0.3434,-0.5219,0.0016,0.3412,-4.4672
0.7160,-0.3920,-0.3451,-0.5423,-0.0054,0.4814,-5.2773
0.7330,-0.3946,-0.3469,-0.5502,-0.0124,0.4598,-4.6714
0.7500,-0.4003,-0.3486,-0.5664,-0.0195,0.6428,-5.1432
0.7660,-0.4119,-0.3503,-0.5664,-0.0261,1.0266,-4.2962
0.7820,-0.4176,-0.3519,-0.5664,-0.0328,0.7785,-4.2601
0.7990,-0.4223,-0.3536,-0.5654,-0.0399,0.7436,-4.1646
0.8150,-0.4260,-0.3553,-0.5623,-0.0465,0.7121,-3.9292
0.8320,-0.4292,-0.3570,-0.5623,-0.0536,0.6999,-4.0705
0.8480,-0.4354,-0.3586,-0.5324,-0.0602,0.8960,-2.2227
0.8650,-0.4438,-0.3603,-0.4847,-0.0671,1.0436,-1.0539
0.8810,-0.4491,-0.3619,-0.4569,-0.0735,0.9313,-1.5798
0.8970,-0.4622,-0.3635,-0.3899,-0.0798,1.4271,0.9859
0.9140,-0.4716,-0.3652,-0.3579,-0.0863,1.2864,-0.5647
0.9300,-0.4816,-0.3669,-0.3301,-0.0924,1.3999,-0.3563
0.9460,-0.5025,-0.3686,-0.2830,-0.0983,2.1188,1.0408
0.9620,-0.5271,-0.3703,-0.2479,-0.1041,2.4956,0.7793
0.9780,-0.5402,-0.3720,-0.2306,-0.1097,2.0136,0.0777
0.9940,-0.5549,-0.3738,-0.2096,-0.1152,2.2005,0.4816
1.0110,-0.5822,-0.3758,-0.1713,-0.1209,2.9691,1.5834
1.0280,-0.5822,-0.3778,-0.1488,-0.1265,1.6617,1.0916
1.0440,-0.5942,-0.3797,-0.0875,-0.1315,2.3432,3.6740
1.0610,-0.5942,-0.3817,-0.0545,-0.1366,1.7340,2.4434
1.0770,-0.6052,-0.3837,0.0010,-0.1412,2.3478,4.2034
1.0930,-0.6052,-0.3857,0.0210,-0.1456,1.7851,2.6038
1.1100,-0.6272,-0.3878,0.0367,-0.1502,2.9959,2.4977
1.1260,-0.6623,-0.3899,0.0603,-0.1542,3.9805,3.1935
1.1430,-0.6885,-0.3923,0.0707,-0.1584,3.6711,2.5970
1.1600,-0.6885,-0.3947,0.0870,-0.1623,2.4081,3.0451
1.1760,-0.7032,-0.3970,0.1593,-0.1658,3.2374,6.5471
1.1930,-0.7032,-0.3994,0.2017,-0.1692,2.4951,5.2833
1.2100,-0.7263,-0.4020,0.2562,-0.1723,3.7465,6.3405
1.2260,-0.7341,-0.4044,0.2583,-0.1750,3.0882,3.9203
1.2420,-0.7441,-0.4070,0.2615,-0.1776,3.2617,4.0047
1.2590,-0.7493,-0.4097,0.2615,-0.1801,3.0383,3.8529
1.2760,-0.7493,-0.4125,0.2678,-0.1825,2.7587,4.2223
1.2930,-0.7493,-0.4153,0.2824,-0.1846,2.7332,4.7520
1.3100,-0.7493,-0.4181,0.2982,-0.1865,2.7075,4.9428
1.3270,-0.7493,-0.4210,0.2982,-0.1882,2.6815,4.2089
1.3440,-0.7493,-0.4239,0.3144,-0.1897,2.6553,5.1172
1.3600,-0.7493,-0.4267,0.3605,-0.1909,2.6203,7.0573
1.3760,-0.7498,-0.4295,0.3710,-0.1918,2.6345,5.3579
1.3930,-0.7498,-0.4325,0.3893,-0.1926,2.5912,5.8488
1.4100,-0.7498,-0.4355,0.4119,-0.1932,2.5560,6.2366
1.4270,-0.7498,-0.4386,0.4349,-0.1935,2.5288,6.4509
1.4430,-0.7546,-0.4415,0.4506,-0.1937,2.7683,6.2781
1.4590,-0.7577,-0.4444,0.4506,-0.1936,2.6991,5.4820
1.4750,-0.7624,-0.4474,0.4506,-0.1934,2.7913,5.4727
1.4910,-0.7624,-0.4504,0.4444,-0.1930,2.5287,5.0944
1.5070,-0.7624,-0.4534,0.4423,-0.1924,2.5021,5.2751
1.5230,-0.7588,-0.4565,0.4423,-0.1917,2.2609,5.3674
1.5400,-0.7436,-0.4597,0.4423,-0.1908,1.5825,5.3557
1.5560,-0.7378,-0.4627,0.4627,-0.1897,1.9152,6.5304
1.5730,-0.7362,-0.4659,0.4795,-0.1884,2.1086,6.4277
1.5900,-0.7357,-0.4692,0.4795,-0.1869,2.1168,5.6146
1.6070,-0.7326,-0.4724,0.4795,-0.1853,1.9389,5.5939
1.6240,-0.7263,-0.4756,0.4768,-0.1834,1.7099,5.4263
1.6400,-0.6995,-0.4786,0.4360,-0.1817,0.4058,3.1304
1.6570,-0.6665,-0.4817,0.4134,-0.1797,-0.0970,3.9144
1.6730,-0.6471,-0.4846,0.4056,-0.1777,0.2811,4.4822
1.6890,-0.6057,-0.4874,0.4030,-0.1756,-1.1841,4.7058
1.7050,-0.5869,-0.4901,0.4003,-0.1734,-0.2369,4.6603
1.7220,-0.5685,-0.4929,0.3925,-0.1710,-0.3248,4.3372
1.7380,-0.5329,-0.4955,0.3668,-0.1686,-1.5833,3.1657
1.7550,-0.5135,-0.4981,0.3469,-0.1661,-0.8797,3.3346
1.7720,-0.4789,-0.5007,0.3228,-0.1635,-1.9146,2.9007
1.7880,-0.4595,-0.5029,0.2950,-0.1610,-1.4444,2.3781
1.8040,-0.4197,-0.5051,0.2468,-0.1585,-2.8121,0.9317
1.8210,-0.3998,-0.5072,0.2468,-0.1558,-1.9325,3.3294
1.8370,-0.3616,-0.5091,0.2447,-0.1533,-3.2588,3.1658
1.8540,-0.3364,-0.5110,0.2447,-0.1505,-2.7408,3.2616
1.8710,-0.3306,-0.5128,0.2447,-0.1476,-1.8924,3.2275
1.8870,-0.3244,-0.5143,0.2374,-0.1449,-2.0043,2.7630
1.9040,-0.3065,-0.5159,0.2059,-0.1420,-2.6785,1.3746
1.9200,-0.2924,-0.5172,0.1907,-0.1393,-2.6839,1.9247
1.9360,-0.2494,-0.5184,0.1855,-0.1366,-4.4914,2.3629
1.9520,-0.2269,-0.5194,0.1677,-0.1338,-3.6628,1.5583
1.9680,-0.1907,-0.5203,0.1593,-0.1311,-4.6532,1.9356
1.9840,-0.1766,-0.5210,0.1551,-0.1283,-3.6722,2.0858
2.0000,-0.1640,-0.5216,0.1431,-0.1256,-3.7002,1.5663
2.0170,-0.1520,-0.5221,0.1043,-0.1227,-3.7379,-0.0006
2.0330,-0.1111,-0.5224,0.0854,-0.1200,-5.5624,0.6826
2.0500,-0.0964,-0.5226,0.0681,-0.1172,-4.3249,0.6602
2.0660,-0.0645,-0.5225,0.0445,-0.1147,-5.4994,0.0562
2.0820,-0.0487,-0.5223,0.0409,-0.1121,-4.8114,1.0094
2.0980,-0.0115,-0.5220,0.0293,-0.1096,-6.1927,0.4975
2.1140,0.0058,-0.5214,0.0131,-0.1071,-5.3314,0.1037
2.1300,0.0215,-0.5207,-0.0010,-0.1046,-5.3739,0.0694
2.1460,0.0424,-0.5199,-0.0199,-0.1022,-5.8003,-0.3452
2.1620,0.0498,-0.5189,-0.0236,-0.0999,-5.1657,0.3660
2.1780,0.0650,-0.5177,-0.0377,-0.0976,-5.6721,-0.2965
2.1940,0.0765,-0.5164,-0.0487,-0.0954,-5.5689,-0.2496
2.2110,0.1121,-0.5148,-0.0561,-0.0930,-6.9572,-0.1169
2.2270,0.1331,-0.5131,-0.0650,-0.0909,-6.4740,-0.3236
2.2440,0.1677,-0.5110,-0.1001,-0.0887,-7.3342,-1.8312
2.2600,0.1844,-0.5090,-0.1210,-0.0868,-6.6491,-1.4310
2.2760,0.2017,-0.5067,-0.1693,-0.0849,-6.8020,-3.2092
2.2930,0.2190,-0.5042,-0.1693,-0.0831,-6.8770,-0.8020
2.3100,0.2484,-0.5014,-0.2164,-0.0814,-7.6560,-3.4402
2.3270,0.2484,-0.4984,-0.2447,-0.0798,-6.2411,-2.7999
2.3440,0.2589,-0.4953,-0.2788,-0.0784,-6.7905,-3.3677
2.3600,0.2662,-0.4921,-0.2788,-0.0771,-6.6821,-1.7740
2.3770,0.2662,-0.4887,-0.2788,-0.0759,-6.2997,-1.7728
2.3940,0.2662,-0.4851,-0.2971,-0.0748,-6.2539,-2.8017
2.4100,0.2568,-0.4816,-0.3128,-0.0738,-5.6538,-2.8652
2.4260,0.2426,-0.4780,-0.3930,-0.0731,-5.2730,-6.7685
2.4420,0.2374,-0.4743,-0.3988,-0.0725,-5.6383,-3.0917
2.4580,0.2306,-0.4705,-0.4014,-0.0720,-5.4649,-2.9563
2.4750,0.2306,-0.4663,-0.4071,-0.0716,-5.7794,-3.1431
2.4910,0.2306,-0.4623,-0.4187,-0.0714,-5.7148,-3.5466
2.5080,0.2426,-0.4578,-0.4685,-0.0713,-6.3691,-5.7303
2.5240,0.2479,-0.4536,-0.4685,-0.0713,-6.0396,-3.3796
2.5400,0.2479,-0.4492,-0.5104,-0.0715,-5.7489,-5.8260
2.5560,0.2499,-0.4448,-0.5240,-0.0719,-5.8295,-4.5161
2.5720,0.2499,-0.4402,-0.5282,-0.0724,-5.6819,-4.0702
2.5880,0.2541,-0.4356,-0.5381,-0.0730,-5.8838,-4.4330
2.6040,0.2599,-0.4308,-0.5502,-0.0737,-5.9671,-4.6286
2.6200,0.2599,-0.4260,-0.5827,-0.0746,-5.6337,-5.9136
2.6360,0.2599,-0.4211,-0.5984,-0.0757,-5.5883,-5.1925
2.6520,0.2573,-0.4161,-0.6236,-0.0769,-5.3892,-5.8617
2.6680,0.2505,-0.4110,-0.6367,-0.0783,-5.0756,-5.3520
2.6850,0.2468,-0.4056,-0.6686,-0.0799,-5.1812,-6.4581
2.7010,0.2437,-0.4004,-0.6786,-0.0816,-5.0893,-5.5041
2.7180,0.2337,-0.3948,-0.6854,-0.0836,-4.6775,-5.3731
2.7340,0.2285,-0.3896,-0.6953,-0.0855,-4.7582,-5.6005
2.7500,0.2143,-0.3843,-0.7163,-0.0877,-4.1616,-6.3108
2.7670,0.2070,-0.3786,-0.7247,-0.0901,-4.4305,-5.7088
2.7830,0.1944,-0.3732,-0.7656,-0.0926,-3.9575,-7.6640
2.8000,0.1797,-0.3675,-0.7860,-0.0954,-3.7569,-6.7394
2.8160,0.1677,-0.3621,-0.7860,-0.0982,-3.6603,-5.7295
2.8320,0.1551,-0.3567,-0.7860,-0.1011,-3.4976,-5.7078
2.8480,0.1300,-0.3513,-0.7860,-0.1041,-2.6088,-5.6769
2.8640,0.1195,-0.3459,-0.7860,-0.1072,-3.2088,-5.6451
2.8800,0.0990,-0.3406,-0.7881,-0.1105,-2.4917,-5.7351
2.8970,0.0828,-0.3349,-0.8436,-0.1142,-2.5825,-8.6922
2.9140,0.0262,-0.3294,-0.8436,-0.1180,-0.1401,-6.0262
2.9310,0.0000,-0.3239,-0.8436,-0.1220,-1.3056,-5.9871
2.9470,-0.0262,-0.3188,-0.8316,-0.1258,-0.9463,-5.2304
2.9640,-0.0477,-0.3135,-0.8174,-0.1300,-1.0540,-5.0328
2.9810,-0.0671,-0.3082,-0.8007,-0.1342,-0.9309,-4.7159
2.9970,-0.1022,-0.3034,-0.7986,-0.1383,0.2671,-5.3299
3.0130,-0.1048,-0.2986,-0.7918,-0.1425,-1.3144,-5.0095
3.0300,-0.1572,-0.2936,-0.7918,-0.1470,1.4899,-5.3231
3.0460,-0.1729,-0.2891,-0.7839,-0.1513,0.0069,-4.7947
3.0630,-0.1855,-0.2843,-0.7645,-0.1560,-0.0741,-4.0964
3.0800,-0.2096,-0.2797,-0.7420,-0.1606,0.7225,-3.7023
3.0960,-0.2096,-0.2754,-0.7388,-0.1651,-0.3646,-4.5235
3.1130,-0.2096,-0.2710,-0.7388,-0.1699,-0.3581,-4.6668
3.1290,-0.2096,-0.2668,-0.7357,-0.1745,-0.2981,-4.4115
3.1460,-0.2274,-0.2625,-0.7257,-0.1794,0.6980,-4.0017
3.1620,-0.2363,-0.2586,-0.7257,-0.1841,0.4364,-4.3987
3.1780,-0.3443,-0.2549,-0.7079,-0.1887,6.3221,-3.3288
3.1940,-0.3610,-0.2514,-0.6822,-0.1934,1.9233,-2.6770
3.2110,-0.3940,-0.2478,-0.5937,-0.1982,2.9321,0.9849
3.2280,-0.3940,-0.2444,-0.5785,-0.2031,1.4108,-2.2898
3.2440,-0.4313,-0.2413,-0.5638,-0.2076,3.6210,-2.0923
3.2600,-0.4601,-0.2384,-0.5523,-0.2121,3.4539,-2.1284
3.2760,-0.4747,-0.2357,-0.5287,-0.2165,2.8875,-1.2883
3.2930,-0.4784,-0.2329,-0.5140,-0.2212,2.3658,-1.6297
3.3090,-0.4847,-0.2304,-0.4978,-0.2255,2.5942,-1.3051
3.3260,-0.4889,-0.2279,-0.4271,-0.2300,2.5118,1.8212
3.3420,-0.5004,-0.2257,-0.4108,-0.2342,3.0182,-0.5009
3.3590,-0.5062,-0.2235,-0.3930,-0.2385,2.7600,-0.3166
3.3760,-0.5125,-0.2214,-0.3762,-0.2427,2.8566,-0.1781
3.3920,-0.5182,-0.2196,-0.3406,-0.2466,2.9146,1.1620
3.4080,-0.5376,-0.2179,-0.2950,-0.2504,3.7635,2.0621
3.4250,-0.5460,-0.2163,-0.2667,-0.2542,3.2615,1.3687
3.4410,-0.5591,-0.2149,-0.2258,-0.2577,3.6496,2.4771
3.4570,-0.5602,-0.2137,-0.2138,-0.2611,3.0557,1.1494
3.4730,-0.5602,-0.2125,-0.2038,-0.2643,3.0078,1.1527
3.4890,-0.5602,-0.2115,-0.1797,-0.2675,3.0116,2.0878
3.5050,-0.5565,-0.2106,-0.1619,-0.2705,2.7998,1.9451
3.5220,-0.5523,-0.2098,-0.1106,-0.2735,2.7501,3.9181
3.5380,-0.5523,-0.2091,-0.0734,-0.2762,2.9543,3.7117
3.5540,-0.5523,-0.2085,-0.0026,-0.2786,2.9523,5.9950
3.5710,-0.5727,-0.2080,0.0477,-0.2809,4.0856,5.2544
3.5880,-0.5801,-0.2077,0.0697,-0.2830,3.5299,4.1256
3.6040,-0.5874,-0.2075,0.0875,-0.2849,3.6113,4.1476
3.6210,-0.5974,-0.2074,0.1294,-0.2866,3.7918,5.5814
3.6370,-0.6078,-0.2075,0.1876,-0.2880,3.9312,7.0253
3.6540,-0.6126,-0.2076,0.2143,-0.2892,3.6625,5.5919
3.6710,-0.6162,-0.2080,0.2400,-0.2902,3.6365,5.7646
3.6870,-0.6209,-0.2084,0.2851,-0.2909,3.7303,7.1933
3.7040,-0.6209,-0.2089,0.3118,-0.2914,3.4876,6.4137
3.7200,-0.6209,-0.2095,0.3181,-0.2917,3.4748,5.5204
3.7370,-0.6209,-0.2103,0.3301,-0.2918,3.4681,5.8666
3.7530,-0.6173,-0.2111,0.3364,-0.2917,3.2378,5.6593
3.7700,-0.6084,-0.2120,0.3485,-0.2914,2.9197,6.0048
3.7870,-0.6042,-0.2131,0.3547,-0.2909,3.0916,5.7742
3.8040,-0.5974,-0.2142,0.3668,-0.2902,2.8974,6.1344
3.8200,-0.5937,-0.2153,0.3757,-0.2894,2.9869,6.0706
3.8360,-0.5916,-0.2165,0.3820,-0.2884,3.0377,5.9791
3.8520,-0.5890,-0.2178,0.3951,-0.2872,2.9754,6.4139
3.8690,-0.5774,-0.2192,0.4066,-0.2857,2.4554,6.3837
3.8850,-0.5638,-0.2205,0.4129,-0.2842,2.1784,6.1794
3.9010,-0.5476,-0.2219,0.4286,-0.2824,1.8997,6.7674
3.9180,-0.5476,-0.2235,0.4386,-0.2804,2.7025,6.5159
3.9350,-0.5313,-0.2250,0.4428,-0.2782,1.7796,6.2489
3.9520,-0.5235,-0.2267,0.4428,-0.2758,2.0925,6.0244
3.9680,-0.5062,-0.2282,0.4428,-0.2734,1.4303,5.9894
3.9840,-0.4962,-0.2298,0.4307,-0.2709,1.7033,5.2639
4.0000,-0.4831,-0.2314,0.4187,-0.2683,1.4203,5.1342
4.0170,-0.4512,-0.2330,0.3951,-0.2655,0.2899,4.4066
4.0330,-0.4333,-0.2346,0.3872,-0.2627,0.7294,5.0112
4.0490,-0.4014,-0.2361,0.3804,-0.2597,-0.2576,4.9851
4.0650,-0.3883,-0.2376,0.3789,-0.2567,0.5633,5.2039
4.0820,-0.3762,-0.2391,0.3726,-0.2534,0.5409,4.9110
4.0980,-0.3642,-0.2406,0.3658,-0.2502,0.3811,4.7565
4.1140,-0.3369,-0.2420,0.3396,-0.2469,-0.6173,3.5424
4.1300,-0.3301,-0.2434,0.3270,-0.2436,0.3369,4.0866
4.1470,-0.3154,-0.2449,0.3165,-0.2400,-0.1447,4.1114
4.1630,-0.2982,-0.2462,0.3165,-0.2365,-0.4850,4.5501
4.1790,-0.2882,-0.2475,0.3039,-0.2330,-0.2077,3.7917
4.1950,-0.2720,-0.2488,0.2892,-0.2295,-0.6696,3.5296
4.2110,-0.2620,-0.2500,0.2809,-0.2258,-0.4482,3.7403
4.2270,-0.2604,-0.2512,0.2709,-0.2222,-0.0508,3.5440
4.2440,-0.2536,-0.2524,0.2625,-0.2183,-0.3561,3.5536
4.2600,-0.2489,-0.2535,0.2416,-0.2146,-0.3271,2.6641
4.2760,-0.2332,-0.2546,0.2253,-0.2108,-1.0152,2.7412
4.2920,-0.2274,-0.2556,0.2175,-0.2071,-0.5729,3.0612
4.3080,-0.2159,-0.2566,0.2028,-0.2033,-0.9659,2.5628
4.3240,-0.2086,-0.2576,0.1955,-0.1995,-0.8245,2.8349
4.3400,-0.2033,-0.2585,0.1865,-0.1958,-0.7699,2.6477
4.3560,-0.2002,-0.2593,0.1750,-0.1920,-0.6973,2.3860
4.3720,-0.1981,-0.2601,0.1698,-0.1882,-0.6681,2.6236
4.3880,-0.1944,-0.2609,0.1630,-0.1844,-0.7829,2.4543
4.4050,-0.1923,-0.2617,0.1630,-0.1803,-0.7183,2.7736
4.4210,-0.1824,-0.2624,0.1525,-0.1765,-1.2114,2.1023
4.4370,-0.1750,-0.2630,0.1294,-0.1727,-1.1436,1.2574
4.4530,-0.1651,-0.2636,0.1064,-0.1690,-1.3622,1.0311
4.4690,-0.1651,-0.2641,0.1064,-0.1653,-0.8666,2.1541
4.4850,-0.1472,-0.2646,0.0948,-0.1616,-1.9116,1.4483
4.5020,-0.1231,-0.2650,0.0781,-0.1577,-2.3591,1.0738
4.5180,-0.1048,-0.2653,0.0660,-0.1541,-2.2993,1.1044
4.5340,-0.1001,-0.2656,0.0613,-0.1505,-1.6556,1.4135
4.5510,-0.0718,-0.2657,0.0576,-0.1467,-2.9904,1.4268
4.5670,-0.0566,-0.2658,0.0472,-0.1431,-2.5450,0.9335
4.5840,-0.0461,-0.2658,0.0325,-0.1394,-2.3633,0.6359
4.6000,-0.0372,-0.2657,0.0325,-0.1360,-2.3872,1.2761
4.6160,-0.0278,-0.2655,0.0325,-0.1325,-2.4891,1.2590
4.6320,0.0005,-0.2652,0.0781,-0.1290,-3.6676,3.8980
4.6490,0.0063,-0.2648,0.1017,-0.1253,-2.5659,2.9065
4.6660,0.0121,-0.2644,0.1530,-0.1215,-2.6068,4.6067
4.6830,0.0126,-0.2638,0.2096,-0.1176,-2.3567,5.2978
4.7000,0.0126,-0.2632,0.2353,-0.1136,-2.3240,4.0226
4.7170,0.0126,-0.2625,0.2636,-0.1095,-2.3154,4.3496
4.7340,0.0058,-0.2618,0.3422,-0.1053,-1.9279,7.3470
4.7510,-0.0152,-0.2610,0.3904,-0.1009,-1.0752,6.2823
4.7680,-0.0288,-0.2603,0.4396,-0.0964,-1.2971,6.7067
4.7840,-0.0461,-0.2595,0.5670,-0.0918,-0.9161,11.7791
4.8010,-0.0734,-0.2587,0.5900,-0.0869,-0.2643,6.6673
4.8180,-0.1577,-0.2580,0.6073,-0.0818,3.1493,6.4811
4.8340,-0.1750,-0.2574,0.6209,-0.0769,0.1925,6.4001
4.8500,-0.1886,-0.2568,0.6728,-0.0718,0.1272,8.7216
4.8660,-0.2028,-0.2562,0.6980,-0.0666,0.2779,7.5472
4.8820,-0.2096,-0.2557,0.7378,-0.0612,-0.0271,8.5681
4.9190,-0.2258,-0.2544,0.7472,-0.0482,0.1099,6.9596
4.9350,-0.2882,-0.2540,0.7525,-0.0425,3.4663,6.4151
4.9510,-0.3673,-0.2538,0.7530,-0.0366,4.9399,6.5007
4.9680,-0.4061,-0.2536,0.7551,-0.0303,3.1313,6.5539
4.9840,-0.4250,-0.2536,0.7551,-0.0243,2.4071,6.3612
5.0000,-0.4464,-0.2536,0.7551,-0.0182,2.7170,6.3243
5.0160,-0.4648,-0.2537,0.7551,-0.0121,2.7111,6.2684
5.0330,-0.4831,-0.2539,0.7551,-0.0054,2.8083,6.2302
5.0500,-0.5308,-0.2543,0.7551,0.0013,4.5878,6.1515
5.0670,-0.5476,-0.2547,0.7551,0.0081,3.2650,6.0905
5.0830,-0.5659,-0.2553,0.7593,0.0146,3.5382,6.2542
5.0990,-0.5733,-0.2559,0.7933,0.0212,3.0420,7.9985
5.1160,-0.5843,-0.2567,0.8054,0.0283,3.2788,6.9221
5.1330,-0.6042,-0.2576,0.8153,0.0355,3.8540,6.8235
5.1500,-0.6456,-0.2587,0.8463,0.0429,5.2036,8.0068
5.1670,-0.6707,-0.2599,0.8735,0.0503,4.6362,7.9970
5.1830,-0.6781,-0.2611,0.8850,0.0575,3.8613,7.2974
5.2000,-0.6781,-0.2625,0.8861,0.0651,3.4862,6.7570
5.2160,-0.6781,-0.2639,0.8861,0.0724,3.4620,6.5951
5.2330,-0.6608,-0.2655,0.8861,0.0802,2.4934,6.5738
5.2500,-0.6513,-0.2671,0.8856,0.0881,2.7631,6.4535
5.2670,-0.6340,-0.2687,0.8856,0.0960,2.2294,6.4080
5.2850,-0.6236,-0.2706,0.8814,0.1045,2.4763,6.1362
5.3020,-0.6026,-0.2723,0.8625,0.1125,1.7504,5.1569
5.3190,-0.5916,-0.2741,0.8520,0.1206,2.1140,5.4155
5.3350,-0.5617,-0.2758,0.8290,0.1281,0.8623,4.4665
5.3510,-0.5308,-0.2774,0.8185,0.1357,0.5384,4.9659
5.3670,-0.5167,-0.2791,0.8185,0.1433,1.2432,5.4250
5.3840,-0.5036,-0.2809,0.8085,0.1514,1.2131,4.8284
5.4010,-0.4915,-0.2826,0.7608,0.1594,1.1397,2.5564
5.4180,-0.4795,-0.2844,0.7530,0.1674,1.0219,4.2991
5.4350,-0.4664,-0.2862,0.7278,0.1753,0.8461,3.2042
5.4510,-0.4664,-0.2879,0.7084,0.1827,1.4426,3.1651
5.4670,-0.4087,-0.2895,0.6718,0.1901,-1.9391,1.9511
5.4840,-0.3432,-0.2910,0.6555,0.1978,-2.7004,2.8458
5.5000,-0.2934,-0.2924,0.6241,0.2051,-2.5466,1.6635
5.5160,-0.2683,-0.2937,0.6241,0.2122,-1.5306,3.2014
5.5320,-0.2337,-0.2949,0.5879,0.2193,-2.3034,1.0273
5.5490,-0.2196,-0.2961,0.5549,0.2267,-1.3620,0.9670
5.5800,-0.1918,-0.2980,0.5167,0.2398,-1.6338,1.2872
5.5960,-0.1782,-0.2989,0.4941,0.2464,-1.7944,0.3794
5.6130,-0.1169,-0.2997,0.4244,0.2533,-4.4748,-2.0797
5.6300,-0.1048,-0.3003,0.3977,0.2600,-2.2602,-0.3524
5.6460,-0.1006,-0.3009,0.3375,0.2661,-1.9417,-2.6895
5.6620,-0.0634,-0.3014,0.2845,0.2720,-3.9077,-2.7944
5.6780,-0.0534,-0.3017,0.2594,0.2777,-2.6270,-1.6595
5.6950,-0.0451,-0.3020,0.2327,0.2836,-2.5924,-1.9102
5.7110,-0.0267,-0.3021,0.1740,0.2889,-3.2703,-4.1611
5.7270,-0.0094,-0.3022,0.1158,0.2940,-3.3599,-4.6453
5.7430,-0.0005,-0.3021,0.0891,0.2988,-3.0114,-3.3312
5.7590,0.0089,-0.3020,0.0645,0.3035,-3.1126,-3.4670
5.7760,0.0299,-0.3017,0.0121,0.3082,-3.7998,-5.1627
5.7920,0.0403,-0.3013,-0.0168,0.3124,-3.4166,-4.4366
5.8090,0.0545,-0.3008,-0.0686,0.3165,-3.6724,-5.8760
5.8260,0.0592,-0.3002,-0.0901,0.3204,-3.2573,-4.6618
5.8420,0.0744,-0.2995,-0.1048,0.3238,-3.9123,-4.5419
5.8580,0.0975,-0.2986,-0.1603,0.3270,-4.4916,-7.0649
5.8740,0.1085,-0.2977,-0.2096,0.3299,-3.9692,-7.1816
5.8900,0.1195,-0.2966,-0.2332,0.3325,-4.0494,-6.1084
5.9070,0.1451,-0.2954,-0.2798,0.3349,-4.9145,-7.5228
5.9230,0.1562,-0.2941,-0.2997,0.3370,-4.3253,-6.5138
5.9390,0.1750,-0.2927,-0.3422,0.3388,-4.8657,-7.9992
5.9560,0.1818,-0.2910,-0.3668,0.3404,-4.2867,-7.2407
5.9710,0.1818,-0.2895,-0.4082,0.3416,-3.9322,-8.6566
5.9870,0.1860,-0.2878,-0.4250,0.3425,-4.1754,-7.4116
6.0030,0.2101,-0.2859,-0.4632,0.3432,-5.3512,-8.8103
6.0200,0.2148,-0.2838,-0.4810,0.3437,-4.3909,-7.8766
6.0360,0.2227,-0.2818,-0.4936,0.3438,-4.5940,-7.7671
6.0520,0.2285,-0.2796,-0.5230,0.3437,-4.5214,-8.8425
6.0680,0.2363,-0.2773,-0.5581,0.3433,-4.6695,-9.4141
6.0850,0.2405,-0.2748,-0.5759,0.3425,-4.4915,-8.6317
6.1010,0.2494,-0.2723,-0.5937,0.3416,-4.7746,-8.8121
6.1170,0.2547,-0.2697,-0.6078,0.3404,-4.6168,-8.7299
6.1340,0.2589,-0.2669,-0.6178,0.3388,-4.5686,-8.5562
6.1500,0.2693,-0.2641,-0.6440,0.3371,-4.9392,-9.5861
6.1670,0.2788,-0.2610,-0.6660,0.3349,-4.9270,-9.4802
6.1840,0.2819,-0.2578,-0.6728,0.3325,-4.6182,-8.7858
6.2010,0.2892,-0.2546,-0.6765,0.3299,-4.8461,-8.6361
6.2170,0.2945,-0.2514,-0.6796,0.3272,-4.7649,-8.6049
6.2330,0.2945,-0.2481,-0.6833,0.3242,-4.4811,-8.6360
6.2500,0.2945,-0.2446,-0.6985,0.3208,-4.4590,-9.2696
6.2660,0.2892,-0.2412,-0.7090,0.3174,-4.0983,-9.1078
6.2820,0.2840,-0.2377,-0.7326,0.3138,-4.0320,-9.9331
6.2980,0.2772,-0.2342,-0.7415,0.3099,-3.8631,-9.2319
6.3140,0.2767,-0.2306,-0.7540,0.3058,-4.1404,-9.4784
6.3310,0.2767,-0.2268,-0.7556,0.3012,-4.1436,-8.9031
6.3480,0.2767,-0.2228,-0.7582,0.2964,-4.0970,-8.9132
6.3640,0.2803,-0.2190,-0.7582,0.2917,-4.2634,-8.7247
6.3810,0.2803,-0.2150,-0.7588,0.2865,-4.0675,-8.7325
6.3970,0.2803,-0.2111,-0.7624,0.2814,-4.0071,-8.8395
6.4140,0.2782,-0.2069,-0.7624,0.2759,-3.8784,-8.6341
6.4290,0.2782,-0.2032,-0.7624,0.2708,-3.9015,-8.5275
6.4460,0.2782,-0.1989,-0.7582,0.2649,-3.9172,-8.3106
6.4620,0.2782,-0.1949,-0.7582,0.2591,-3.8425,-8.4000
6.4780,0.2872,-0.1908,-0.7582,0.2532,-4.3395,-8.3610
6.4940,0.2872,-0.1866,-0.7582,0.2472,-3.8562,-8.3034
6.5100,0.2872,-0.1824,-0.7661,0.2410,-3.8188,-8.7047
6.5260,0.2872,-0.1782,-0.7698,0.2347,-3.7811,-8.4659
6.5420,0.2851,-0.1739,-0.7698,0.2282,-3.6205,-8.2214
6.5590,0.2840,-0.1693,-0.7698,0.2212,-3.6418,-8.1788
6.5750,0.2840,-0.1650,-0.7640,0.2145,-3.6245,-7.7353
6.5910,0.2840,-0.1606,-0.7462,0.2077,-3.5996,-6.9391
6.6070,0.2809,-0.1562,-0.7336,0.2008,-3.3771,-7.0319
6.6240,0.2767,-0.1515,-0.7331,0.1934,-3.2759,-7.5889
6.6400,0.2720,-0.1471,-0.7268,0.1863,-3.1298,-7.1347
6.6570,0.2672,-0.1424,-0.7242,0.1786,-3.0922,-7.2815
6.6740,0.2672,-0.1377,-0.7226,0.1709,-3.2604,-7.2268
6.6910,0.2662,-0.1329,-0.7226,0.1630,-3.1611,-7.2304
6.7080,0.2662,-0.1282,-0.7001,0.1552,-3.1694,-5.9074
6.7240,0.2662,-0.1237,-0.6843,0.1477,-3.1142,-5.9556
6.7400,0.2489,-0.1192,-0.6597,0.1402,-2.0779,-5.2584
6.7570,0.2384,-0.1145,-0.6555,0.1322,-2.3365,-6.2142
6.7740,0.2321,-0.1098,-0.6555,0.1241,-2.4276,-6.3187
6.7900,0.2232,-0.1053,-0.6550,0.1165,-2.1488,-6.1929
6.8070,0.2169,-0.1006,-0.6550,0.1083,-2.2350,-6.1980
6.8240,0.2164,-0.0960,-0.6498,0.1001,-2.4498,-5.8124
6.8410,0.2159,-0.0913,-0.6429,0.0919,-2.4060,-5.6089
6.8580,0.2112,-0.0867,-0.6335,0.0836,-2.1294,-5.3339
6.8750,0.1960,-0.0820,-0.6225,0.0753,-1.4685,-5.0953
6.8920,0.1803,-0.0775,-0.6225,0.0670,-1.2731,-5.5422
6.9080,0.1499,-0.0733,-0.6225,0.0592,-0.1851,-5.4460
6.9240,0.1279,-0.0691,-0.6225,0.0513,-0.3987,-5.4028
6.9400,0.1205,-0.0650,-0.6052,0.0435,-1.0382,-4.3236
6.9570,0.1174,-0.0607,-0.5544,0.0353,-1.2099,-2.3215
6.9740,0.1058,-0.0565,-0.5250,0.0271,-0.6708,-2.9941
6.9900,0.0985,-0.0526,-0.4910,0.0195,-0.7387,-2.2919
7.0060,0.0645,-0.0487,-0.4763,0.0119,0.9054,-3.0997
7.0220,0.0529,-0.0450,-0.4637,0.0044,-0.0959,-3.0357
7.0380,0.0435,-0.0413,-0.4543,-0.0031,-0.0920,-3.0513
7.0550,0.0356,-0.0374,-0.4260,-0.0109,-0.1099,-1.9118
7.0720,0.0141,-0.0337,-0.4066,-0.0187,0.7539,-2.0820
7.0890,0.0084,-0.0300,-0.3920,-0.0264,0.0900,-2.1173
7.1060,0.0016,-0.0264,-0.3584,-0.0339,0.2246,-0.8833
7.1220,0.0016,-0.0231,-0.3364,-0.0409,-0.0588,-1.0935
7.1380,0.0016,-0.0199,-0.2987,-0.0478,-0.0444,0.0454
7.1540,-0.0000,-0.0167,-0.2819,-0.0545,0.0720,-0.8085
7.1700,-0.0058,-0.0136,-0.2693,-0.0612,0.3545,-0.8591
7.1860,-0.0147,-0.0105,-0.2541,-0.0677,0.6102,-0.5475
7.2030,-0.0540,-0.0075,-0.2379,-0.0746,2.3612,-0.3739
7.2190,-0.0597,-0.0047,-0.1603,-0.0808,0.8860,3.4897
7.2350,-0.0765,-0.0020,-0.1216,-0.0868,1.5894,1.9014
7.2520,-0.0865,0.0008,-0.1127,-0.0930,1.3140,0.4821
7.2680,-0.0980,0.0033,-0.1032,-0.0987,1.5545,0.6968
7.2850,-0.0980,0.0059,-0.0891,-0.1047,0.9790,1.0181
7.3020,-0.0980,0.0084,-0.0802,-0.1105,1.0040,0.9070
7.3190,-0.0980,0.0108,-0.0514,-0.1161,1.0210,2.1310
7.3360,-0.1058,0.0131,-0.0047,-0.1214,1.4740,3.4042
7.3530,-0.1127,0.0153,0.0136,-0.1266,1.4974,2.2630
7.3700,-0.1284,0.0173,0.0388,-0.1316,2.0642,2.8324
7.3870,-0.1284,0.0193,0.0493,-0.1363,1.3366,2.2636
7.4030,-0.1362,0.0211,0.0744,-0.1406,1.8149,3.2880
7.4190,-0.1425,0.0228,0.0917,-0.1448,1.7944,3.0551
7.4350,-0.1520,0.0244,0.1331,-0.1487,2.0416,4.6383
7.4510,-0.1588,0.0259,0.1493,-0.1524,1.9773,3.5408
7.4670,-0.1677,0.0273,0.1630,-0.1559,2.1659,3.5480
7.4830,-0.1782,0.0286,0.1745,-0.1593,2.3407,3.5621
7.4990,-0.1834,0.0298,0.2049,-0.1625,2.1293,4.7833
7.5160,-0.1886,0.0310,0.2133,-0.1656,2.1606,3.7362
7.5320,-0.2007,0.0320,0.2258,-0.1684,2.6314,4.1132
7.5490,-0.2065,0.0330,0.2599,-0.1711,2.3460,5.3736
7.5660,-0.2096,0.0339,0.2798,-0.1735,2.2557,4.8964
7.5830,-0.2327,0.0346,0.2982,-0.1758,3.3914,4.9886
7.6000,-0.2589,0.0352,0.3233,-0.1778,3.7619,5.5313
7.6170,-0.2699,0.0356,0.3369,-0.1796,3.1383,5.1103
7.6330,-0.2830,0.0360,0.3443,-0.1810,3.3863,4.9083
7.6500,-0.2830,0.0362,0.3485,-0.1824,2.7261,4.7682
7.6660,-0.2887,0.0363,0.3705,-0.1835,3.0621,5.8691
7.6820,-0.2987,0.0364,0.3857,-0.1844,3.3516,5.6525
7.6990,-0.3055,0.0363,0.4014,-0.1851,3.2270,5.7611
7.7150,-0.3055,0.0361,0.4318,-0.1856,2.9000,6.7998
7.7310,-0.3280,0.0358,0.4732,-0.1858,4.2125,7.6923
7.7480,-0.3752,0.0352,0.4889,-0.1858,5.6979,6.4846
7.7640,-0.3893,0.0346,0.4999,-0.1856,4.2902,6.3781
7.7810,-0.3982,0.0338,0.5156,-0.1851,4.0696,6.6902
7.7980,-0.3982,0.0329,0.5214,-0.1845,3.6358,6.2554
7.8150,-0.3982,0.0319,0.5361,-0.1836,3.6229,6.7837
7.8310,-0.3899,0.0309,0.5481,-0.1826,3.1158,6.7775
7.8470,-0.3899,0.0298,0.5570,-0.1813,3.5252,6.6801
7.8640,-0.3773,0.0285,0.5570,-0.1798,2.8158,6.2184
7.8800,-0.3773,0.0273,0.5664,-0.1783,3.3863,6.7405
7.8960,-0.3773,0.0259,0.5785,-0.1765,3.3751,6.9556
7.9130,-0.3773,0.0244,0.6215,-0.1743,3.3635,8.7211
7.9300,-0.3773,0.0228,0.6251,-0.1720,3.3423,6.8667
7.9470,-0.3741,0.0211,0.6304,-0.1694,3.1498,6.9559
7.9640,-0.3694,0.0193,0.6325,-0.1667,3.0177,6.7948
7.9810,-0.3694,0.0175,0.6388,-0.1638,3.2213,7.0134
7.9970,-0.3694,0.0157,0.6414,-0.1608,3.1965,6.8283
8.0130,-0.3694,0.0138,0.6414,-0.1578,3.1833,6.6731
8.0290,-0.3694,0.0119,0.6414,-0.1546,3.1642,6.6394
8.0450,-0.3668,0.0099,0.6414,-0.1512,2.9914,6.6046
8.0610,-0.3375,0.0079,0.5932,-0.1478,1.3861,3.7487
8.0780,-0.3375,0.0057,0.5816,-0.1440,2.8419,5.4970
8.0940,-0.3023,0.0037,0.5743,-0.1404,0.7547,5.5518
8.1110,-0.2751,0.0016,0.5675,-0.1364,0.9921,5.5256
8.1270,-0.2269,-0.0004,0.5450,-0.1326,-0.5759,4.4664
8.1430,-0.2096,-0.0024,0.5319,-0.1287,0.8154,4.8026
8.1600,-0.1824,-0.0044,0.4968,-0.1246,0.1559,3.4816
8.1760,-0.1577,-0.0063,0.4837,-0.1206,-0.0299,4.3064
8.1920,-0.1074,-0.0081,0.4653,-0.1166,-1.7494,3.8640
8.2080,-0.0812,-0.0098,0.4564,-0.1125,-0.7775,4.2234
8.2240,-0.0241,-0.0114,0.4438,-0.1083,-2.8206,3.8956
8.2400,0.0016,-0.0129,0.4255,-0.1042,-1.4744,3.4143
8.2570,0.0231,-0.0145,0.4030,-0.0998,-1.3889,3.0550
8.2740,0.0639,-0.0159,0.3458,-0.0954,-2.6624,0.8913
8.2910,0.1027,-0.0172,0.3348,-0.0910,-2.8995,2.9334
8.3070,0.1221,-0.0183,0.3238,-0.0869,-2.2175,2.7566
8.3240,0.1661,-0.0193,0.2782,-0.0825,-3.6914,0.7635
8.3400,0.1850,-0.0202,0.2547,-0.0785,-2.7314,1.4707
8.3570,0.2180,-0.0210,0.2096,-0.0743,-3.6189,0.1378
8.3730,0.2337,-0.0216,0.1955,-0.0703,-2.9896,1.3746
8.3890,0.2510,-0.0221,0.1824,-0.0664,-3.2128,1.2963
8.4050,0.2892,-0.0225,0.1509,-0.0626,-4.5847,0.0807
8.4220,0.3107,-0.0227,0.1294,-0.0586,-3.8600,0.4414
8.4390,0.3516,-0.0228,0.0870,-0.0547,-5.1161,-0.9478
8.4550,0.3914,-0.0226,0.0566,-0.0512,-5.5143,-0.7674
8.4720,0.4098,-0.0223,0.0435,-0.0475,-4.5325,0.0207
8.4890,0.4339,-0.0219,0.0000,-0.0439,-4.9984,-1.8175
8.5050,0.4402,-0.0213,-0.0021,-0.0406,-4.2186,0.0723
8.5220,0.4449,-0.0206,-0.0126,-0.0372,-4.1583,-0.4099
8.5380,0.4548,-0.0198,-0.0304,-0.0341,-4.5025,-1.0036
8.5540,0.4627,-0.0188,-0.0393,-0.0310,-4.4534,-0.6458
8.5700,0.4742,-0.0178,-0.0561,-0.0281,-4.7206,-1.2031
8.5870,0.4873,-0.0165,-0.0566,-0.0250,-4.8596,-0.4054
8.6030,0.5271,-0.0151,-0.0618,-0.0223,-6.5481,-0.7272
8.6190,0.5376,-0.0136,-0.0770,-0.0196,-5.1529,-1.3650
8.6350,0.5586,-0.0119,-0.1127,-0.0170,-5.8354,-2.7078
8.6510,0.5680,-0.0101,-0.1279,-0.0145,-5.3173,-1.8301
8.6670,0.5701,-0.0082,-0.1378,-0.0122,-4.9462,-1.6682
8.6830,0.5748,-0.0061,-0.1378,-0.0099,-5.0949,-1.1855
8.6990,0.5874,-0.0039,-0.1378,-0.0077,-5.5713,-1.2007
8.7160,0.5874,-0.0015,-0.1362,-0.0055,-4.9236,-1.1215
8.7320,0.5874,0.0009,-0.1347,-0.0035,-4.8832,-1.1314
8.7490,0.5864,0.0036,-0.1331,-0.0014,-4.8133,-1.1236
8.7650,0.5659,0.0062,-0.1221,0.0005,-3.6238,-0.5796
8.7820,0.5591,0.0090,-0.1189,0.0025,-4.2574,-0.9568
8.7990,0.5591,0.0120,-0.1184,0.0043,-4.5417,-1.0942
8.8160,0.5591,0.0150,-0.1184,0.0061,-4.5119,-1.1310
8.8330,0.5638,0.0182,-0.1137,0.0078,-4.7433,-0.8805
8.8500,0.5638,0.0214,-0.1127,0.0095,-4.4897,-1.0557
8.8660,0.5638,0.0246,-0.1053,0.0110,-4.4481,-0.6913
8.8820,0.5586,0.0278,-0.1053,0.0124,-4.1204,-1.0634
8.8980,0.5539,0.0310,-0.1027,0.0138,-4.0759,-0.9192
8.9140,0.5539,0.0344,-0.1027,0.0151,-4.2806,-1.0591
8.9300,0.5539,0.0378,-0.1027,0.0164,-4.2486,-1.0673
8.9470,0.5539,0.0415,-0.1027,0.0176,-4.2262,-1.0714
8.9640,0.5539,0.0453,-0.1027,0.0188,-4.1812,-1.0829
8.9810,0.5528,0.0491,-0.0985,0.0200,-4.0876,-0.8572
8.9980,0.5455,0.0530,-0.0807,0.0211,-3.6935,-0.0719
9.0150,0.5444,0.0569,-0.0807,0.0222,-3.9450,-0.9187
9.0310,0.5434,0.0607,-0.0807,0.0232,-3.8850,-0.9283
9.0480,0.5418,0.0648,-0.0807,0.0241,-3.8382,-0.9281
9.0640,0.5381,0.0686,-0.0807,0.0250,-3.6376,-0.9395
9.0800,0.5334,0.0725,-0.0807,0.0258,-3.5222,-0.9417
9.0960,0.5271,0.0764,-0.0686,0.0266,-3.3552,-0.2413
9.1120,0.5250,0.0804,-0.0686,0.0274,-3.5121,-0.8495
9.1290,0.5224,0.0846,-0.0545,0.0281,-3.4476,-0.0655
9.1450,0.5203,0.0887,-0.0524,0.0289,-3.3864,-0.6190
9.1620,0.5093,0.0930,-0.0524,0.0296,-2.8685,-0.7237
9.1780,0.5093,0.0970,-0.0514,0.0302,-3.3248,-0.6706
9.1950,0.5093,0.1014,-0.0461,0.0308,-3.3135,-0.4316
9.2110,0.5093,0.1055,-0.0430,0.0314,-3.2504,-0.5021
9.2270,0.5109,0.1096,-0.0403,0.0320,-3.3191,-0.5077
9.2430,0.5109,0.1138,-0.0403,0.0325,-3.2040,-0.6420
9.2600,0.5109,0.1182,-0.0403,0.0330,-3.1799,-0.6433
9.2760,0.5109,0.1224,-0.0424,0.0334,-3.1158,-0.7718
9.2930,0.5109,0.1269,-0.0424,0.0339,-3.1047,-0.6663
9.3100,0.5109,0.1314,-0.0430,0.0343,-3.0534,-0.6990
9.3270,0.5135,0.1359,-0.0430,0.0347,-3.1600,-0.6762
9.3430,0.5151,0.1402,-0.0445,0.0350,-3.0760,-0.7710
9.3590,0.5151,0.1444,-0.0503,0.0353,-2.9737,-1.0298
9.3760,0.5151,0.1490,-0.0503,0.0356,-2.9494,-0.7412
9.3930,0.5104,0.1535,-0.0503,0.0358,-2.6356,-0.7429
9.4100,0.4978,0.1581,-0.0435,0.0360,-2.1201,-0.3650
9.4260,0.4973,0.1623,-0.0388,0.0362,-2.6302,-0.4114
9.4420,0.4968,0.1666,-0.0367,0.0364,-2.6028,-0.5247
9.4590,0.4968,0.1712,-0.0362,0.0366,-2.6053,-0.6004
9.4760,0.4957,0.1757,-0.0325,0.0367,-2.4960,-0.4220
9.4930,0.4889,0.1802,-0.0283,0.0368,-2.1285,-0.3620
9.5090,0.4837,0.1844,-0.0141,0.0370,-2.0917,0.2676
9.5260,0.4742,0.1889,-0.0047,0.0371,-1.8202,0.0837
9.5430,0.4742,0.1934,-0.0047,0.0372,-2.2149,-0.3617
9.5590,0.4742,0.1975,-0.0047,0.0373,-2.1646,-0.3623
9.5750,0.4742,0.2017,-0.0063,0.0374,-2.1428,-0.4541
9.5910,0.4742,0.2059,-0.0063,0.0375,-2.1080,-0.3754
9.6070,0.4821,0.2100,-0.0063,0.0375,-2.5332,-0.3753
9.6240,0.4826,0.2144,-0.0031,0.0376,-2.1462,-0.2003
9.6400,0.4847,0.2185,-0.0031,0.0376,-2.1823,-0.3486
9.6560,0.4878,0.2227,-0.0031,0.0376,-2.2399,-0.3482
9.6720,0.4878,0.2268,-0.0110,0.0376,-2.0481,-0.8076
9.6890,0.4878,0.2311,-0.0157,0.0376,-2.0260,-0.6753
9.7060,0.4857,0.2354,-0.0157,0.0376,-1.8614,-0.4520
9.7220,0.4826,0.2395,-0.0157,0.0375,-1.7277,-0.4508
9.7380,0.4805,0.2435,-0.0157,0.0374,-1.7419,-0.4498
9.7540,0.4784,0.2475,-0.0157,0.0374,-1.6910,-0.4486
9.7700,0.4774,0.2515,-0.0178,0.0373,-1.7018,-0.5700
9.7870,0.4753,0.2557,-0.0178,0.0372,-1.6168,-0.4638
9.8030,0.4711,0.2596,-0.0178,0.0370,-1.4119,-0.4615
9.8190,0.4700,0.2635,-0.0100,0.0369,-1.5409,-0.0004
9.8360,0.4700,0.2676,-0.0073,0.0368,-1.5730,-0.2473
9.8520,0.4700,0.2714,-0.0073,0.0367,-1.5160,-0.3685
9.8690,0.4700,0.2754,-0.0047,0.0365,-1.5081,-0.2221
9.8860,0.4700,0.2794,-0.0047,0.0364,-1.4639,-0.3435
9.9030,0.4685,0.2834,0.0000,0.0362,-1.3439,-0.0798
9.9190,0.4685,0.2871,0.0000,0.0360,-1.3740,-0.2999
9.9350,0.4685,0.2908,0.0000,0.0359,-1.3555,-0.2988
9.9520,0.4700,0.2947,0.0016,0.0357,-1.4238,-0.2102
9.9680,0.4700,0.2983,0.0047,0.0356,-1.2959,-0.0976
9.9840,0.4700,0.3019,0.0084,0.0354,-1.2780,-0.0394
10.0000,0.4695,0.3055,0.0084,0.0352,-1.2182,-0.2215
10.0160,0.4679,0.3090,0.0084,0.0351,-1.1237,-0.2199
10.0320,0.4679,0.3125,0.0058,0.0349,-1.1739,-0.3716
10.0490,0.4679,0.3162,0.0058,0.0347,-1.1560,-0.2392
10.0650,0.4700,0.3197,0.0058,0.0345,-1.2278,-0.2362
10.0820,0.4706,0.3233,0.0058,0.0343,-1.1452,-0.2356
10.0990,0.4706,0.3269,0.0068,0.0341,-1.0812,-0.1749
10.1150,0.4706,0.3302,0.0073,0.0339,-1.0419,-0.1912
10.1320,0.4674,0.3337,0.0141,0.0337,-0.8608,0.1617
10.1490,0.4648,0.3372,0.0141,0.0335,-0.8255,-0.1571
