Time [s],pos_chart_series_1,pos_chart_series_2,sway_chart_series_1,u_chart_series_1
0.0000,0.0000,0.0000,0.0000,0.0000
0.0170,0.0000,0.0000,0.0000,0.0000
0.0330,0.0000,0.0000,0.0000,0.0000
0.0500,0.0000,0.0000,0.0000,0.0000
0.0670,0.0000,0.0000,0.0000,0.0000
0.0830,0.0000,0.0000,0.0000,0.0000
0.1000,0.0000,0.0000,0.0000,0.0000
0.1160,0.0000,0.0000,0.0000,0.0000
0.1320,0.0000,0.0000,0.0000,0.0000
0.1490,0.0000,0.0000,0.0000,0.0000
0.1650,0.0000,0.0000,0.0000,0.0000
0.1820,0.0000,0.0000,0.0000,0.0000
0.1980,0.0000,0.0000,0.0000,0.0000
0.2150,0.0000,0.0000,0.0000,0.0000
0.2310,0.0000,0.0000,0.0000,0.0000
0.2470,0.0000,0.0000,0.0000,0.0000
0.2630,0.0000,0.0000,0.0000,0.0000
0.2790,0.0000,0.0000,0.0000,0.0000
0.2960,0.0000,0.0000,0.0000,0.0000
0.3120,0.0000,0.0000,0.0000,0.0000
0.3290,0.0000,0.0000,0.0000,0.0000
0.3460,0.0000,0.0000,0.0000,0.0000
0.3620,0.0000,0.0000,0.0000,0.0000
0.3780,0.0000,0.0000,0.0000,0.0000
0.3940,0.0000,0.0000,0.0000,0.0000
0.4100,0.0000,0.0000,0.0000,0.0000
0.4270,0.0000,0.0000,0.0000,0.0000
0.4440,0.0000,0.0000,0.0000,0.0000
0.4610,0.0000,0.0000,0.0000,0.0000
0.4780,0.0000,0.0000,0.0000,0.0000
0.4950,0.0000,0.0000,0.0000,0.0000
0.5120,0.0000,0.0000,0.0000,0.0000
0.5280,0.0000,0.0000,0.0000,0.0000
0.5450,0.0000,0.0000,0.0000,0.0000
0.5620,0.0000,0.0000,0.0000,0.0000
0.5790,0.0000,0.0000,0.0000,0.0000
0.5960,0.0000,0.0000,0.0000,0.0000
0.6130,0.0000,0.0000,0.0000,0.0000
0.6300,0.0000,0.0000,0.0000,0.0000
0.6460,0.0000,0.0000,0.0000,0.0000
0.6630,0.0000,0.0000,0.0000,0.0000
0.6800,0.0000,0.0000,0.0000,0.0000
0.6970,0.0000,0.0000,0.0000,0.0000
0.7140,0.0000,0.0000,0.0000,0.0000
0.7310,0.0000,0.0000,0.0000,0.0000
0.7470,0.0000,0.0000,0.0000,0.0000
0.7630,0.0000,0.0000,0.0000,0.0000
0.7790,0.0000,0.0000,0.0000,0.0000
0.7960,0.0000,0.0000,0.0000,0.0000
0.8120,0.0000,0.0000,0.0000,0.0000
0.8280,0.0000,0.0000,0.0000,0.0000
0.8440,0.0000,0.0000,0.0000,0.0000
0.8600,0.0000,0.0000,0.0000,0.0000
0.8770,0.0000,0.0000,0.0000,0.0000
0.8930,0.0000,0.0000,0.0000,0.0000
0.9100,0.0000,0.0000,0.0000,0.0000
0.9270,0.0000,0.0000,0.0000,0.0000
0.9440,0.0000,0.0000,0.0000,0.0000
0.9600,0.0000,0.0000,0.0000,0.0000
0.9770,0.0000,0.0000,0.0000,0.0000
0.9940,0.0000,0.0000,0.0000,0.0000
1.0100,0.0000,0.0000,0.0000,0.0000
1.0270,0.0000,0.0000,0.0000,0.0000
1.0440,0.0000,0.0000,0.0000,0.0000
1.0600,0.0000,0.0000,0.0000,0.0000
1.0760,0.0000,0.0000,0.0000,0.0000
1.0930,0.0000,0.0000,0.0000,0.0000
1.1090,0.0000,0.0000,0.0000,0.0000
1.1250,0.0000,0.0000,0.0000,0.0000
1.1410,0.0000,0.0000,0.0000,0.0000
1.1570,0.0000,0.0000,0.0000,0.0000
1.1740,0.0000,0.0000,0.0000,0.0000
1.1910,0.0000,0.0000,0.0000,0.0000
1.2080,0.0000,0.0000,0.0000,0.0000
1.2240,0.0000,0.0000,0.0000,0.0000
1.2410,0.0000,0.0000,0.0000,0.0000
1.2570,0.0000,0.0000,0.0000,0.0000
1.2740,0.0000,0.0000,0.0000,0.0000
1.2910,0.0000,0.0000,0.0000,0.0000
1.3070,0.0000,0.0000,0.0000,0.0000
1.3230,0.0000,0.0000,0.0000,0.0000
1.3390,0.0000,0.0000,0.0000,0.0000
1.3550,0.0000,0.0000,0.0000,0.0000
1.3720,0.0000,0.0000,0.0000,0.0000
1.3880,0.0000,0.0000,0.0000,0.0000
1.4050,0.0000,0.0000,0.0000,0.0000
1.4210,0.0000,0.0000,0.0000,0.0000
1.4370,0.0000,0.0000,0.0000,0.0000
1.4530,0.0000,0.0000,0.0000,0.0000
1.4700,0.0000,0.0000,0.0000,0.0000
1.4860,0.0000,0.0000,0.0000,0.0000
1.5030,0.0000,0.0000,0.0000,0.0000
1.5190,0.0000,0.0000,0.0000,0.0000
1.5360,0.0000,0.0000,0.0000,0.0000
1.5520,0.0000,0.0000,0.0000,0.0000
1.5680,0.0000,0.0000,0.0000,0.0000
1.5850,0.0000,0.0000,0.0000,0.0000
1.6020,0.0000,0.0000,0.0000,0.0000
1.6180,0.0000,0.0000,0.0000,0.0000
1.6350,0.0000,0.0000,0.0000,0.0000
1.6510,0.0000,0.0000,0.0000,0.0000
1.6680,0.0000,0.0000,0.0000,0.0000
1.6840,0.0000,0.0000,0.0000,0.0000
1.7010,0.0000,0.0000,0.0000,0.0000
1.7170,0.0000,0.0000,0.0000,0.0000
1.7330,0.0000,0.0000,0.0000,0.0000
1.7490,0.0000,0.0000,0.0000,0.0000
1.7650,0.0000,0.0000,0.0000,0.0000
1.7810,0.0000,0.0000,0.0000,0.0000
1.7980,0.0000,0.0000,0.0000,0.0000
1.8150,0.0000,0.0000,0.0000,0.0000
1.8320,0.0000,0.0000,0.0000,0.0000
1.8480,0.0000,0.0000,0.0000,0.0000
1.8650,0.0000,0.0000,0.0000,0.0000
1.8820,0.0000,0.0000,0.0000,0.0000
1.8980,0.0000,0.0000,0.0000,0.0000
1.9150,0.0000,0.0000,0.0000,0.0000
1.9320,0.0000,0.0000,0.0000,0.0000
1.9470,0.0000,0.0000,0.0000,0.0000
1.9630,0.0000,0.0000,0.0000,0.0000
1.9800,0.0000,0.0000,0.0000,0.0000
1.9960,0.0000,0.0000,0.0000,0.0000
2.0120,0.0000,0.0000,0.0000,0.0000
2.0290,0.0000,0.0000,0.0000,0.0000
2.0450,0.0000,0.0000,0.0000,0.0000
2.0620,0.0000,0.0000,0.0000,0.0000
2.0780,0.0000,0.0000,0.0000,0.0000
2.0940,0.0000,0.0000,0.0000,0.0000
2.1100,0.0000,0.0000,0.0000,0.0000
2.1270,0.0000,0.0000,0.0000,0.0000
2.1430,0.0000,0.0000,0.0000,0.0000
2.1600,0.0000,0.0000,0.0000,0.0000
2.1760,0.0000,0.0000,0.0000,0.0000
2.1920,0.0000,0.0000,0.0000,0.0000
2.2080,0.0000,0.0000,0.0000,0.0000
2.2250,0.0000,0.0000,0.0000,0.0000
2.2410,0.0000,0.0000,0.0000,0.0000
2.2570,0.0000,0.0000,0.0000,0.0000
2.2740,0.0000,0.0000,0.0000,0.0000
2.2900,0.0000,0.0000,0.0000,0.0000
2.3070,0.0000,0.0000,0.0000,0.0000
2.3230,0.0000,0.0000,0.0000,0.0000
2.3390,0.0000,0.0000,0.0000,0.0000
2.3560,0.0000,0.0000,0.0000,0.0000
2.3730,0.0000,0.0000,0.0000,0.0000
2.3890,0.0000,0.0000,0.0000,0.0000
2.4050,0.0000,0.0000,0.0000,0.0000
2.4220,0.0000,0.0000,0.0000,0.0000
2.4380,0.0000,0.0000,0.0000,0.0000
2.4550,0.0000,0.0000,0.0000,0.0000
2.4720,0.0000,0.0000,0.0000,0.0000
2.4880,0.0000,0.0000,0.0000,0.0000
2.5050,0.0000,0.0000,0.0000,0.0000
2.5210,0.0000,0.0000,0.0000,0.0000
2.5370,0.0000,0.0000,0.0000,0.0000
2.5530,0.0000,0.0000,0.0000,0.0000
2.5690,0.0000,0.0000,0.0000,0.0000
2.5850,0.0000,0.0000,0.0000,0.0000
2.6010,0.0000,0.0000,0.0000,0.0000
2.6170,0.0000,0.0000,0.0000,0.0000
2.6340,0.0000,0.0000,0.0000,0.0000
2.6500,0.0000,0.0000,0.0000,0.0000
2.6660,0.0000,0.0000,0.0000,0.0000
2.6820,0.0000,0.0000,0.0000,0.0000
2.6980,0.0000,0.0000,0.0000,0.0000
2.7140,0.0000,0.0000,0.0000,0.0000
2.7310,0.0000,0.0000,0.0000,0.0000
2.7480,0.0000,0.0000,0.0000,0.0000
2.7640,0.0000,0.0000,0.0000,0.0000
2.7810,0.0000,0.0000,0.0000,0.0000
2.7980,0.0000,0.0000,0.0000,0.0000
2.8140,0.0000,0.0000,0.0000,0.0000
2.8300,0.0000,0.0000,0.0000,0.0000
2.8460,0.0000,0.0000,0.0000,0.0000
2.8620,0.0000,0.0000,0.0000,0.0000
2.8790,0.0000,0.0000,0.0000,0.0000
2.8950,0.0000,0.0000,0.0000,0.0000
2.9120,0.0000,0.0000,0.0000,0.0000
2.9290,0.0000,0.0000,0.0000,0.0000
2.9450,0.0000,0.0000,0.0000,0.0000
2.9620,0.0000,0.0000,0.0000,0.0000
2.9790,0.0000,0.0000,0.0000,0.0000
2.9960,0.0000,0.0000,0.0000,0.0000
3.0120,0.0000,0.0000,0.0000,0.0000
3.0290,0.0000,0.0000,0.0000,0.0000
3.0460,0.0000,0.0000,0.0000,0.0000
3.0630,0.0000,0.0000,0.0000,0.0000
3.0790,0.0000,0.0000,0.0000,0.0000
3.0960,0.0000,0.0000,0.0000,0.0000
3.1120,0.0000,0.0000,0.0000,0.0000
3.1280,0.0000,0.0000,0.0000,0.0000
3.1450,0.0000,0.0000,0.0000,0.0000
3.1620,0.0000,0.0000,0.0000,0.0000
3.1790,0.0000,0.0000,0.0000,0.0000
3.1940,0.0000,0.0000,0.0000,0.0000
3.2100,0.0000,0.0000,0.0000,0.0000
3.2260,0.0000,0.0000,0.0000,0.0000
3.2430,0.0000,0.0000,0.0000,0.0000
3.2600,0.0000,0.0000,0.0000,0.0000
3.2760,0.0000,0.0000,0.0000,0.0000
3.2930,0.0000,0.0000,0.0000,0.0000
3.3100,0.0000,0.0000,0.0000,0.0000
3.3260,0.0000,0.0000,0.0000,0.0000
3.3420,0.0000,0.0000,0.0000,0.0000
3.3590,0.0000,0.0000,0.0000,0.0000
3.3750,0.0000,0.0000,0.0000,0.0000
3.3920,0.0000,0.0000,0.0000,0.0000
3.4080,0.0000,0.0000,0.0000,0.0000
3.4250,0.0000,0.0000,0.0000,0.0000
3.4410,0.0000,0.0000,0.0000,0.0000
3.4580,0.0000,0.0000,0.0000,0.0000
3.4750,0.0000,0.0000,0.0000,0.0000
3.4920,0.0000,0.0000,0.0000,0.0000
3.5090,0.0000,0.0000,0.0000,0.0000
3.5250,0.3716,0.0002,-0.0128,2.9724
3.5410,0.3716,0.0006,-0.0372,2.7665
3.5580,0.3742,0.0011,-0.0753,2.5927
3.5750,0.3769,0.0019,-0.1244,2.4155
3.5910,0.3791,0.0027,-0.1793,2.2450
3.6070,0.3809,0.0036,-0.2420,2.0927
3.6230,0.3853,0.0047,-0.3117,1.9709
3.6390,0.3853,0.0058,-0.3876,1.8208
3.6550,0.3880,0.0070,-0.4689,1.7018
3.6710,0.3880,0.0084,-0.5547,1.5694
3.6870,0.3880,0.0098,-0.6443,1.4462
3.7030,0.3809,0.0112,-0.7367,1.2749
3.7200,0.3756,0.0128,-0.8372,1.1304
3.7370,0.3662,0.0145,-0.9389,0.9575
3.7540,0.3618,0.0162,-1.0409,0.8378
3.7710,0.3596,0.0179,-1.1426,0.7464
3.7870,0.3520,0.0196,-1.2372,0.6210
3.8040,0.3467,0.0213,-1.3359,0.5294
3.8210,0.3364,0.0231,-1.4320,0.4031
3.8370,0.3364,0.0248,-1.5197,0.3703
3.8530,0.3249,0.0265,-1.6040,0.2533
3.8690,0.3129,0.0282,-1.6844,0.1433
3.8850,0.3022,0.0299,-1.7603,0.0541
3.9010,0.2849,0.0315,-1.8312,-0.0796
3.9180,0.2427,0.0332,-1.8991,-0.4005
3.9350,0.2164,0.0349,-1.9588,-0.5670
3.9510,0.1591,0.0364,-2.0060,-0.9666
3.9680,0.1253,0.0379,-2.0452,-1.1492
3.9850,0.0862,0.0393,-2.0724,-1.3527
4.0010,0.0022,0.0405,-2.0852,-1.8963
4.0180,-0.0924,0.0417,-2.0817,-2.4909
4.0350,-0.1436,0.0426,-2.0604,-2.6792
4.0510,-0.1436,0.0433,-2.0259,-2.4396
4.0680,-0.1947,0.0439,-1.9724,-2.6355
4.0840,-0.2427,0.0443,-1.9067,-2.7745
4.1000,-0.3556,0.0444,-1.8233,-3.4345
4.1170,-0.4449,0.0444,-1.7131,-3.8573
4.1330,-0.5169,0.0441,-1.5899,-4.0869
4.1490,-0.5169,0.0436,-1.4491,-3.7428
4.1660,-0.5458,0.0428,-1.2807,-3.6504
4.1820,-0.5693,0.0418,-1.1069,-3.4972
4.1990,-0.6516,0.0406,-0.9038,-3.8444
4.2160,-0.7093,0.0391,-0.6824,-3.9472
4.2320,-0.7391,0.0375,-0.4594,-3.8170
4.2490,-0.7933,0.0356,-0.2059,-3.9154
4.2650,-0.8129,0.0336,0.0454,-3.7048
4.2820,-0.8382,0.0312,0.3257,-3.5803
4.2990,-0.8516,0.0286,0.6173,-3.3459
4.3160,-0.8778,0.0259,0.9188,-3.2336
4.3320,-0.8778,0.0231,1.2090,-2.9224
4.3490,-0.8907,0.0201,1.5232,-2.7612
4.3650,-0.9027,0.0171,1.8226,-2.5878
4.3810,-0.9284,0.0139,2.1246,-2.5611
4.3970,-0.9529,0.0107,2.4287,-2.5302
4.4140,-0.9916,0.0070,2.7539,-2.6202
4.4300,-1.0027,0.0035,3.0604,-2.4703
4.4470,-1.0249,-0.0004,3.3859,-2.4436
4.4640,-1.0369,-0.0044,3.7099,-2.3257
4.4800,-1.0471,-0.0084,4.0120,-2.2088
4.4960,-1.0569,-0.0124,4.3105,-2.1190
4.5120,-1.0640,-0.0165,4.6043,-2.0206
4.5280,-1.0920,-0.0207,4.8932,-2.1028
4.5450,-1.1116,-0.0254,5.1944,-2.1185
4.5620,-1.1187,-0.0301,5.4889,-2.0273
4.5790,-1.1369,-0.0350,5.7760,-2.0392
4.5950,-1.1498,-0.0397,6.0389,-2.0153
4.6110,-1.1769,-0.0445,6.2946,-2.1260
4.6270,-1.1876,-0.0494,6.5424,-2.1043
4.6430,-1.2058,-0.0545,6.7823,-2.1513
4.6590,-1.2129,-0.0596,7.0136,-2.1129
4.6750,-1.2200,-0.0649,7.2360,-2.0838
4.6910,-1.2364,-0.0703,7.4492,-2.1380
4.7070,-1.2440,-0.0759,7.6530,-2.1239
4.7230,-1.2564,-0.0815,7.8472,-2.1562
4.7390,-1.2627,-0.0873,8.0315,-2.1429
4.7550,-1.2724,-0.0932,8.2057,-2.1651
4.7720,-1.2733,-0.0996,8.3793,-2.1207
4.7890,-1.2747,-0.1061,8.5407,-2.0821
4.8050,-1.2760,-0.1124,8.6816,-2.0529
4.8220,-1.2782,-0.1191,8.8188,-2.0449
4.8380,-1.2782,-0.1256,8.9364,-2.0201
4.8550,-1.2782,-0.1327,9.0484,-2.0077
4.8720,-1.2782,-0.1398,9.1473,-1.9973
4.8890,-1.2769,-0.1471,9.2330,-1.9827
4.9050,-1.2747,-0.1541,9.3019,-1.9674
4.9220,-1.2769,-0.1616,9.3620,-1.9966
4.9390,-1.2831,-0.1693,9.4094,-2.0577
4.9550,-1.2836,-0.1766,9.4428,-2.0727
4.9710,-1.2844,-0.1840,9.4652,-2.0965
4.9870,-1.2849,-0.1915,9.4769,-2.1186
5.0030,-1.2849,-0.1991,9.4779,-2.1388
5.0190,-1.2849,-0.2068,9.4687,-2.1605
5.0350,-1.2844,-0.2146,9.4495,-2.1798
5.0510,-1.2760,-0.2225,9.4202,-2.1362
5.0680,-1.2733,-0.2310,9.3780,-2.1440
5.0850,-1.2716,-0.2397,9.3250,-2.1596
5.1010,-1.2716,-0.2479,9.2660,-2.1902
5.1170,-1.2733,-0.2562,9.1984,-2.2350
5.1330,-1.2756,-0.2646,9.1227,-2.2814
5.1490,-1.2782,-0.2731,9.0392,-2.3290
5.1660,-1.2782,-0.2822,8.9421,-2.3526
5.1820,-1.2769,-0.2909,8.8439,-2.3631
5.1980,-1.2622,-0.2997,8.7385,-2.2673
5.2150,-1.2476,-0.3091,8.6185,-2.1778
5.2310,-1.2422,-0.3180,8.4987,-2.1688
5.2480,-1.2378,-0.3276,8.3641,-2.1671
5.2640,-1.2204,-0.3367,8.2308,-2.0617
5.2800,-1.2080,-0.3458,8.0912,-2.0019
5.2960,-1.1916,-0.3549,7.9452,-1.9133
5.3120,-1.1844,-0.3641,7.7931,-1.9043
5.3280,-1.1609,-0.3733,7.6349,-1.7632
5.3440,-1.1609,-0.3825,7.4711,-1.8188
5.3610,-1.1609,-0.3924,7.2913,-1.8691
5.3770,-1.1462,-0.4017,7.1173,-1.7979
5.3940,-1.0636,-0.4115,6.9243,-1.1844
5.4100,-1.0636,-0.4208,6.7367,-1.2763
5.4260,-1.0413,-0.4300,6.5430,-1.1786
5.4430,-1.0227,-0.4398,6.3306,-1.1140
5.4590,-1.0116,-0.4490,6.1253,-1.1162
5.4750,-0.9991,-0.4581,5.9153,-1.1011
5.4920,-0.9836,-0.4678,5.6868,-1.0597
5.5090,-0.9480,-0.4774,5.4527,-0.8623
5.5250,-0.9480,-0.4864,5.2286,-0.9607
5.5410,-0.9329,-0.4953,5.0010,-0.9236
5.5570,-0.8444,-0.5042,4.7679,-0.2992
5.5740,-0.8316,-0.5135,4.5143,-0.3189
5.5900,-0.7884,-0.5221,4.2704,-0.0992
5.6070,-0.7711,-0.5312,4.0056,-0.0911
5.6230,-0.7356,-0.5396,3.7516,0.0581
5.6400,-0.7133,-0.5484,3.4766,0.1012
5.6570,-0.6524,-0.5570,3.1955,0.4462
5.6730,-0.6147,-0.5650,2.9257,0.5848
5.6890,-0.5396,-0.5727,2.6496,1.0256
5.7050,-0.5031,-0.5803,2.3674,1.1301
5.7220,-0.4258,-0.5881,2.0589,1.5578
5.7390,-0.3867,-0.5957,1.7423,1.6398
5.7560,-0.3116,-0.6030,1.4166,2.0073
5.7720,-0.2760,-0.6096,1.1030,2.0350
5.7880,-0.2027,-0.6159,0.7817,2.3825
5.8050,-0.1644,-0.6224,0.4317,2.4288
5.8210,-0.0902,-0.6281,0.0946,2.7462
5.8380,-0.0573,-0.6339,-0.2717,2.7326
5.8550,-0.0311,-0.6394,-0.6447,2.6520
5.8710,0.0080,-0.6443,-1.0008,2.6852
5.8880,0.0533,-0.6492,-1.3846,2.7891
5.9040,0.0889,-0.6535,-1.7496,2.7944
5.9200,0.1200,-0.6575,-2.1175,2.7877
5.9370,0.1822,-0.6615,-2.5124,3.0361
5.9540,0.2298,-0.6650,-2.9107,3.1370
5.9710,0.2538,-0.6683,-3.3110,3.0486
5.9880,0.2791,-0.6712,-3.7120,2.9839
6.0050,0.3093,-0.6739,-4.1129,2.9703
6.0220,0.3973,-0.6761,-4.5147,3.4274
6.0380,0.4213,-0.6779,-4.8922,3.3466
6.0540,0.4742,-0.6794,-5.2692,3.5286
6.0700,0.4742,-0.6806,-5.6437,3.2820
6.0870,0.5244,-0.6815,-6.0392,3.4613
6.1040,0.5333,-0.6820,-6.4307,3.2872
6.1200,0.6031,-0.6822,-6.7958,3.6212
6.1370,0.6298,-0.6821,-7.1796,3.6122
6.1540,0.7062,-0.6816,-7.5602,3.9922
6.1700,0.7556,-0.6807,-7.9151,4.1359
6.1870,0.7818,-0.6794,-8.2880,4.1110
6.2040,0.8093,-0.6778,-8.6556,4.0875
6.2210,0.8582,-0.6757,-9.0181,4.2447
6.2380,0.8956,-0.6732,-9.3748,4.3063
6.2550,0.9142,-0.6704,-9.7248,4.2223
6.2720,0.9333,-0.6672,-10.0668,4.1563
6.2890,0.9680,-0.6636,-10.4006,4.2281
6.3060,1.0053,-0.6596,-10.7260,4.3246
6.3230,1.0227,-0.6552,-11.0420,4.2625
6.3390,1.0604,-0.6507,-11.3308,4.3770
6.3550,1.0787,-0.6460,-11.6104,4.3507
6.3720,1.0978,-0.6405,-11.8968,4.3408
6.3880,1.1387,-0.6351,-12.1569,4.4988
6.4050,1.1764,-0.6289,-12.4231,4.6432
6.4220,1.1920,-0.6223,-12.6784,4.5923
6.4390,1.2049,-0.6153,-12.9221,4.5314
6.4560,1.2156,-0.6080,-13.1534,4.4648
6.4730,1.2547,-0.6004,-13.3728,4.6383
6.4900,1.2711,-0.5923,-13.5799,4.6253
6.5070,1.3022,-0.5839,-13.7750,4.7379
6.5230,1.3129,-0.5757,-13.9473,4.6857
6.5400,1.3307,-0.5666,-14.1176,4.7131
6.5560,1.3427,-0.5577,-14.2663,4.6864
6.5730,1.3622,-0.5479,-14.4114,4.7400
6.5900,1.3644,-0.5378,-14.5429,4.6455
6.6070,1.3644,-0.5273,-14.6603,4.5460
6.6230,1.3529,-0.5172,-14.7575,4.3672
6.6390,1.3484,-0.5069,-14.8408,4.2726
6.6550,1.3431,-0.4963,-14.9101,4.1823
6.6710,1.3409,-0.4855,-14.9650,4.1281
6.6870,1.3373,-0.4744,-15.0056,4.0716
6.7030,1.3267,-0.4632,-15.0315,3.9666
6.7200,1.3267,-0.4510,-15.0425,3.9583
6.7360,1.3213,-0.4393,-15.0383,3.9074
6.7530,1.3169,-0.4266,-15.0174,3.8756
6.7690,1.2902,-0.4145,-14.9828,3.6680
6.7850,1.2822,-0.4022,-14.9331,3.6310
6.8010,1.2733,-0.3898,-14.8688,3.5924
6.8180,1.2444,-0.3763,-14.7831,3.3992
6.8340,1.2324,-0.3636,-14.6875,3.3560
6.8500,1.2236,-0.3507,-14.5774,3.3437
6.8660,1.2084,-0.3377,-14.4528,3.2843
6.8830,1.2013,-0.3237,-14.3046,3.2944
6.8990,1.1884,-0.3104,-14.1516,3.2595
6.9150,1.1818,-0.2970,-13.9857,3.2769
6.9320,1.1693,-0.2826,-13.7951,3.2473
6.9480,1.1618,-0.2689,-13.6039,3.2599
6.9650,1.1529,-0.2543,-13.3879,3.2595
6.9810,1.1338,-0.2404,-13.1735,3.1778
6.9980,1.1129,-0.2256,-12.9333,3.0850
7.0140,1.1013,-0.2116,-12.6971,3.0738
7.0300,1.0702,-0.1975,-12.4507,2.9031
7.0460,1.0516,-0.1833,-12.1944,2.8417
7.0630,1.0151,-0.1682,-11.9105,2.6400
7.0790,0.9982,-0.1540,-11.6340,2.6097
7.0950,0.9836,-0.1397,-11.3487,2.5930
7.1120,0.9547,-0.1245,-11.0356,2.4606
7.1290,0.9382,-0.1093,-10.7133,2.4376
7.1460,0.8996,-0.0941,-10.3817,2.2348
7.1630,0.8542,-0.0789,-10.0405,1.9892
7.1790,0.8302,-0.0647,-9.7118,1.9279
7.1960,0.8062,-0.0496,-9.3542,1.8609
7.2120,0.7813,-0.0354,-9.0111,1.7929
7.2280,0.7569,-0.0213,-8.6619,1.7225
7.2440,0.7053,-0.0073,-8.3063,1.4352
7.2610,0.6782,0.0075,-7.9214,1.3582
7.2770,0.6098,0.0213,-7.5524,0.9578
7.2940,0.5911,0.0359,-7.1534,0.9706
7.3100,0.5547,0.0495,-6.7723,0.8434
7.3260,0.5351,0.0629,-6.3867,0.8459
7.3430,0.4978,0.0770,-5.9716,0.7003
7.3590,0.4782,0.0902,-5.5776,0.7096
7.3760,0.4369,0.1040,-5.1548,0.5288
7.3920,0.4156,0.1168,-4.7544,0.5228
7.4090,0.3720,0.1303,-4.3260,0.3237
7.4250,0.3298,0.1427,-3.9205,0.1512
7.4410,0.3098,0.1550,-3.5137,0.1520
7.4570,0.2893,0.1671,-3.1064,0.1423
7.4740,0.2422,0.1797,-2.6724,-0.0874
7.4910,0.2156,0.1921,-2.2381,-0.1357
7.5070,0.1596,0.2035,-1.8291,-0.4233
7.5230,0.1316,0.2147,-1.4203,-0.4842
7.5400,0.0778,0.2264,-0.9855,-0.7546
7.5570,0.0507,0.2377,-0.5511,-0.7899
7.5730,-0.0044,0.2481,-0.1427,-1.0550
7.5900,-0.0591,0.2588,0.2914,-1.3166
7.6070,-0.0831,0.2693,0.7247,-1.3105
7.6240,-0.1071,0.2794,1.1561,-1.3132
7.6410,-0.1524,0.2892,1.5857,-1.4949
7.6570,-0.1747,0.2981,1.9870,-1.4871
7.6730,-0.2196,0.3067,2.3855,-1.6811
7.6900,-0.2600,0.3155,2.8059,-1.8342
7.7060,-0.2800,0.3234,3.1976,-1.8095
7.7230,-0.3018,0.3315,3.6089,-1.8208
7.7390,-0.3462,0.3389,3.9914,-2.0101
7.7550,-0.3876,0.3458,4.3693,-2.1809
7.7720,-0.4089,0.3529,4.7652,-2.1881
7.7880,-0.4551,0.3592,5.1327,-2.3909
7.8050,-0.4804,0.3655,5.5171,-2.4322
7.8220,-0.5351,0.3713,5.8960,-2.7021
7.8390,-0.5658,0.3768,6.2689,-2.7690
7.8560,-0.5956,0.3819,6.6353,-2.8326
7.8730,-0.6502,0.3866,6.9957,-3.0992
7.8890,-0.6978,0.3906,7.3296,-3.2980
7.9060,-0.7173,0.3945,7.6778,-3.2794
7.9230,-0.7533,0.3979,8.0192,-3.3886
7.9390,-0.7711,0.4007,8.3335,-3.3523
7.9560,-0.8044,0.4033,8.6598,-3.4631
7.9720,-0.8178,0.4054,8.9589,-3.4017
7.9880,-0.8467,0.4071,9.2500,-3.4887
8.0050,-0.8627,0.4084,9.5498,-3.4740
8.0220,-0.8791,0.4094,9.8396,-3.4604
8.0390,-0.9111,0.4100,10.1194,-3.5803
8.0560,-0.9409,0.4101,10.3892,-3.6816
8.0730,-0.9578,0.4098,10.6484,-3.6802
8.0900,-1.0044,0.4091,10.8978,-3.9248
8.1060,-1.0222,0.4081,11.1233,-3.9279
8.1230,-1.0342,0.4066,11.3522,-3.9020
8.1390,-1.0889,0.4048,11.5589,-4.2156
8.1550,-1.1556,0.4026,11.7583,-4.6202
8.1710,-1.1556,0.4000,11.9494,-4.4695
8.1870,-1.1733,0.3970,12.1320,-4.4765
8.2030,-1.1898,0.3936,12.3060,-4.4778
8.2190,-1.2351,0.3899,12.4719,-4.7154
8.2350,-1.2498,0.3858,12.6296,-4.6966
8.2520,-1.2640,0.3810,12.7876,-4.6803
8.2680,-1.3022,0.3761,12.9283,-4.8507
8.2850,-1.3098,0.3704,13.0683,-4.7801
8.3010,-1.3098,0.3648,13.1909,-4.6472
8.3170,-1.3022,0.3588,13.3034,-4.4785
8.3340,-1.2951,0.3521,13.4109,-4.3292
8.3500,-1.2787,0.3455,13.5004,-4.1115
8.3660,-1.2680,0.3385,13.5776,-3.9679
8.3820,-1.2333,0.3314,13.6411,-3.6465
8.3990,-1.2067,0.3234,13.6923,-3.4154
8.4150,-1.1338,0.3158,13.7236,-2.8316
8.4310,-1.0938,0.3080,13.7371,-2.5587
8.4470,-1.0596,0.3000,13.7321,-2.3555
8.4640,-1.0111,0.2914,13.7050,-2.0571
