Time [s],arm_chart_series_1,arm_chart_series_2,pendulum_chart_series_1,u_chart_series_1
0.0000,38.9388,34.0008,1.1957,0.0259
0.0160,38.9388,34.4943,1.2739,0.0199
0.0320,38.9388,34.9742,1.3494,0.0140
0.0480,38.9388,35.4320,1.4170,0.0084
0.0650,38.9388,35.8868,1.4754,0.0032
0.0820,38.9388,36.3031,1.5168,-0.0016
0.0980,38.9388,36.6558,1.5380,-0.0056
0.1140,38.9388,36.9684,1.5412,-0.0086
0.1300,38.9388,37.2405,1.5265,-0.0108
0.1470,38.9388,37.4862,1.4924,-0.0123
0.1640,38.9388,37.6897,1.4412,-0.0130
0.1800,38.9388,37.8457,1.3796,-0.0131
0.1970,38.9388,37.9778,1.3028,-0.0126
0.2130,38.9388,38.0747,1.2226,-0.0116
0.2290,38.9388,38.1492,1.1373,-0.0103
0.2450,38.9388,38.2058,1.0495,-0.0088
0.2610,38.9388,38.2483,0.9615,-0.0072
0.2770,38.9388,38.2807,0.8756,-0.0055
0.2930,38.9388,38.3064,0.7933,-0.0039
0.3100,38.9388,38.3296,0.7115,-0.0024
0.3270,38.9388,38.3514,0.6368,-0.0010
0.3440,38.9388,38.3742,0.5699,0.0003
0.3610,38.9388,38.3994,0.5114,0.0013
0.3780,38.9388,38.4283,0.4611,0.0020
0.3940,38.9388,38.4592,0.4211,0.0025
0.4110,38.9388,38.4961,0.3859,0.0027
0.4270,38.9388,38.5341,0.3590,0.0028
0.4430,38.9388,38.5749,0.3372,0.0026
0.4600,38.9388,38.6205,0.3190,0.0024
0.4770,38.9388,38.6673,0.3047,0.0020
0.4940,38.9388,38.7143,0.2934,0.0015
0.5100,38.9388,38.7577,0.2847,0.0010
0.5260,38.9388,38.7996,0.2771,0.0005
0.5430,38.9388,38.8416,0.2696,0.0001
0.5590,38.9388,38.8780,0.2626,-0.0004
0.5760,38.9388,38.9131,0.2547,-0.0008
0.5930,38.9388,38.9439,0.2461,-0.0012
0.6100,38.9388,38.9702,0.2366,-0.0014
0.6270,38.9388,38.9921,0.2260,-0.0016
0.6440,38.9388,39.0096,0.2145,-0.0018
0.6610,38.9388,39.0229,0.2020,-0.0018
0.6770,38.9388,39.0320,0.1896,-0.0018
0.6930,38.9388,39.0380,0.1767,-0.0017
0.7100,38.9388,39.0415,0.1627,-0.0016
0.7260,38.9388,39.0426,0.1495,-0.0015
0.7430,-28.2857,39.9944,0.8173,0.9373
0.7590,-28.2857,42.2930,2.4343,0.7544
0.7750,-28.2857,45.4834,4.6642,0.5625
0.7910,-28.2857,49.1366,7.2064,0.3606
0.8070,-28.2857,52.8608,9.7987,0.1569
0.8230,-28.2857,56.3152,12.2226,-0.0410
0.8390,-28.2857,59.2198,14.3053,-0.2254
0.8560,-28.2857,61.4649,16.0041,-0.3892
0.8730,-28.2857,62.6725,17.0801,-0.5354
0.8890,-28.2857,62.7581,17.4749,-0.6489
0.9060,-28.2857,61.6786,17.2234,-0.7252
0.9230,-28.2857,59.3961,16.3045,-0.7758
0.9390,-28.2857,56.1858,14.8727,-0.7975
0.9560,-28.2857,51.7219,12.8147,-0.7943
0.9730,-28.2857,46.2873,10.2879,-0.7676
0.9900,-28.2857,40.0340,7.3920,-0.7171
1.0060,-28.2857,33.5702,4.4298,-0.6422
1.0220,-28.2857,26.7396,1.3453,-0.5487
1.0380,-28.2857,19.7532,-1.7501,-0.4331
1.0550,-28.2857,12.4110,-4.9215,-0.2985
1.0710,-28.2857,5.8120,-7.6752,-0.1410
1.0880,-28.2857,-0.6211,-10.2248,0.0097
1.1040,-28.2857,-5.9485,-12.1752,0.1613
1.1210,-28.2857,-10.6787,-13.6859,0.2841
1.1370,-28.2857,-14.1751,-14.5404,0.3849
1.1530,-28.2857,-16.7123,-14.8333,0.4468
1.1700,-28.2857,-18.3836,-14.5557,0.4760
1.1870,-28.2857,-19.0780,-13.7320,0.4737
1.2040,-28.2857,-18.9176,-12.4500,0.4421
1.2210,-28.2857,-18.0575,-10.8174,0.3879
1.2370,-28.2857,-16.7672,-9.0675,0.3181
1.2540,-28.2857,-15.0631,-7.0978,0.2444
1.2710,-28.2857,-13.1891,-5.1234,0.1624
1.2870,-28.2857,-11.4203,-3.3524,0.0819
1.3040,-28.2857,-9.6754,-1.6447,0.0115
1.3200,-28.2857,-8.2590,-0.2548,-0.0555
1.3370,-28.2857,-7.0783,0.9493,-0.1084
1.3540,-28.2857,-6.2833,1.8531,-0.1531
1.3710,-28.2857,-5.9013,2.4529,-0.1852
1.3870,-28.2857,-5.9206,2.7505,-0.2049
1.4040,-28.2857,-6.3252,2.8065,-0.2128
1.4210,-28.2857,-7.0884,2.6287,-0.2112
1.4370,-28.2857,-8.0894,2.2844,-0.2007
1.4530,-28.2857,-9.3139,1.8068,-0.1845
1.4700,-28.2857,-10.8007,1.1952,-0.1634
1.4860,-28.2857,-12.3183,0.5603,-0.1372
1.5020,-28.2857,-13.8950,-0.0959,-0.1107
1.5190,116.0816,-17.6252,-2.2462,-2.0992
1.5350,116.0816,-24.1011,-6.3536,-1.6762
1.5510,116.0816,-32.3482,-11.7101,-1.2232
1.5670,116.0816,-41.3020,-17.6363,-0.7142
1.5830,116.0816,-49.9591,-23.5306,-0.1523
1.5990,116.0816,-57.4535,-28.8881,0.4401
1.6160,116.0816,-63.3825,-33.5561,1.0281
1.6320,116.0816,-67.6856,-37.3960,0.0000
1.6490,116.0816,-71.8353,-41.4782,0.0000
1.6660,116.0816,-75.5955,-45.6135,0.0000
1.6830,116.0816,-79.0040,-49.8457,0.0000
1.7000,116.0816,-82.0905,-54.2117,0.0000
1.7160,116.0816,-84.7222,-58.4718,0.0000
1.7330,116.0816,-87.2450,-63.1847,0.0000
1.7500,116.0816,-89.4986,-68.1137,0.0000
1.7670,116.0816,-91.4915,-73.2799,0.0000
1.7830,116.0816,-93.1328,-78.3757,0.0000
1.8000,116.0816,-94.6284,-84.0537,0.0000
1.8170,116.0816,-95.8652,-90.0171,0.0000
1.8330,116.0816,-96.7873,-95.9014,0.0000
1.8490,116.0816,-97.4667,-102.0573,0.0000
1.8660,116.0816,-97.9118,-108.9020,0.0000
1.8830,116.0816,-98.0585,-116.0632,0.0000
1.9000,116.0816,-97.8940,-123.5385,0.0000
1.9160,116.0816,-97.4475,-130.8514,0.0000
1.9320,116.0816,-96.7199,-138.4127,0.0000
1.9480,116.0816,-95.7290,-146.1851,0.0000
1.9650,116.0816,-94.4362,-154.6058,0.0000
1.9810,116.0816,-93.0734,-162.5872,0.0000
1.9980,116.0816,-91.5925,-170.9889,0.0000
2.0150,116.0816,-90.2205,-179.1506,0.0000
2.0310,116.0816,-89.1432,173.5193,0.0000
2.0470,116.0816,-88.3435,166.6218,0.0000
2.0630,116.0816,-87.8457,160.2069,0.0000
2.0790,116.0816,-87.6403,154.2933,0.0000
2.0950,116.0816,-87.6977,148.8800,0.0000
2.1120,116.0816,-88.0038,143.6645,0.0000
2.1280,116.0816,-88.4815,139.2457,0.0000
2.1440,116.0816,-89.1057,135.2874,0.0000
2.1610,116.0816,-89.8938,131.5717,0.0000
2.1780,116.0816,-90.7786,128.3474,0.0000
2.1940,116.0816,-91.6752,125.7505,0.0000
2.2100,116.0816,-92.6150,123.5685,0.0000
2.2260,116.0816,-93.5830,121.7923,0.0000
2.2430,116.0816,-94.6296,120.3403,0.0000
2.2600,116.0816,-95.6849,119.3264,0.0000
2.2770,116.0816,-96.7422,118.7403,0.0000
2.2930,116.0816,-97.7355,118.5696,0.0000
2.3090,116.0816,-98.7260,118.7589,0.0000
2.3250,116.0816,-99.7144,119.2984,0.0000
2.3410,116.0816,-100.7032,120.1779,0.0000
2.3570,116.0816,-101.6958,121.3865,0.0000
2.3740,116.0816,-102.7599,123.0185,0.0000
2.3900,116.0816,-103.7758,124.8692,0.0000
2.4070,116.0816,-104.8769,127.1551,0.0000
2.4230,116.0816,-105.9394,129.5922,0.0000
2.4390,116.0816,-107.0325,132.2907,0.0000
2.4560,116.0816,-108.2317,135.4247,0.0000
2.4730,116.0816,-109.4725,138.8111,0.0000
2.4900,116.0816,-110.7546,142.4235,0.0000
2.5060,116.0816,-111.9953,146.0027,0.0000
2.5220,116.0816,-113.2619,149.7267,0.0000
2.5390,116.0816,-114.6234,153.8057,0.0000
2.5560,116.0816,-115.9829,157.9681,0.0000
2.5720,116.0816,-117.2402,161.9195,0.0000
2.5890,116.0816,-118.5273,166.1065,0.0000
2.6050,116.0816,-119.6691,169.9922,0.0000
2.6220,116.0816,-120.7840,174.0163,0.0000
2.6390,116.0816,-121.7764,177.8896,0.0000
2.6560,116.0816,-122.6307,-178.4258,0.0000
2.6730,116.0816,-123.3377,-174.9604,0.0000
2.6900,116.0816,-123.8951,-171.7372,0.0000
2.7070,116.0816,-124.3059,-168.7724,0.0000
2.7230,116.0816,-124.5651,-166.2276,0.0000
2.7390,116.0816,-124.7093,-163.9261,0.0000
2.7550,116.0816,-124.7479,-161.8703,0.0000
2.7710,116.0816,-124.6909,-160.0603,0.0000
2.7880,0.0000,-0.0546,0.5363,-0.0550
2.8050,0.0000,-0.2009,0.4397,-0.0485
2.8210,0.0000,-0.4011,0.3099,-0.0404
2.8370,0.0000,-0.6415,0.1572,-0.0319
2.8540,0.0000,-0.9203,-0.0162,-0.0230
2.8700,0.0000,-1.1874,-0.1784,-0.0135
2.8870,0.0000,-1.4591,-0.3389,-0.0052
2.9030,0.0000,-1.6912,-0.4715,0.0029
2.9190,0.0000,-1.8904,-0.5806,0.0095
2.9350,0.0000,-2.0503,-0.6630,0.0149
2.9510,0.0000,-2.1672,-0.7173,0.0191
2.9670,0.0000,-2.2395,-0.7435,0.0221
2.9830,0.0000,-2.2678,-0.7431,0.0238
3.0000,0.0000,-2.2526,-0.7162,0.0244
3.0160,0.0000,-2.1999,-0.6695,0.0240
3.0320,0.0000,-2.1149,-0.6058,0.0228
3.0490,0.0000,-1.9959,-0.5242,0.0209
3.0660,0.0000,-1.8542,-0.4330,0.0183
3.0830,0.0000,-1.6973,-0.3370,0.0153
3.1000,0.0000,-1.5323,-0.2406,0.0122
3.1170,0.0000,-1.3657,-0.1477,0.0090
3.1340,0.0000,-1.2033,-0.0615,0.0060
3.1510,0.0000,-1.0497,0.0155,0.0032
3.1670,0.0000,-0.9166,0.0780,0.0007
3.1830,0.0000,-0.7970,0.1297,-0.0012
3.2000,0.0000,-0.6862,0.1726,-0.0027
3.2160,59.5102,-1.3479,-0.3351,-0.8349
3.2320,59.5102,-3.2422,-1.7102,-0.6845
3.2480,59.5102,-5.9697,-3.6567,-0.5160
3.2640,59.5102,-9.1498,-5.9051,-0.3385
3.2800,59.5102,-12.4339,-8.2200,-0.1596
3.2960,59.5102,-15.5178,-10.4044,0.0136
3.3120,59.5102,-18.1499,-12.3018,0.1747
3.3280,59.5102,-20.1353,-13.7964,0.3176
3.3450,59.5102,-21.3821,-14.8578,0.4379
3.3610,59.5102,-21.6559,-15.3198,0.5385
3.3770,59.5102,-21.0106,-15.2463,0.6060
3.3930,59.5102,-19.4450,-14.6526,0.6484
3.4090,59.5102,-16.9911,-13.5741,0.6676
3.4250,59.5102,-13.7093,-12.0627,0.6660
3.4410,59.5102,-9.6853,-10.1828,0.6454
3.4570,59.5102,-5.0272,-8.0081,0.6075
3.4740,59.5102,0.4730,-5.4646,0.5532
3.4910,59.5102,6.3701,-2.7811,0.4781
3.5080,59.5102,12.4695,-0.0658,0.3868
3.5250,59.5102,18.5669,2.5718,0.2821
3.5410,59.5102,24.1210,4.8869,0.1689
3.5580,59.5102,29.6433,7.0735,0.0610
3.5750,59.5102,34.6225,8.9017,-0.0487
3.5920,59.5102,38.9333,10.3091,-0.1455
3.6090,59.5102,42.4941,11.2584,-0.2234
3.6250,59.5102,45.1270,11.7236,-0.2783
3.6420,59.5102,47.1660,11.7766,-0.3077
3.6580,59.5102,48.4121,11.4468,-0.3163
3.6740,59.5102,49.0704,10.7980,-0.3054
3.6900,59.5102,49.2248,9.8906,-0.2795
3.7070,59.5102,48.9445,8.7177,-0.2423
3.7240,59.5102,48.3263,7.4101,-0.1942
3.7400,59.5102,47.5482,6.1291,-0.1415
3.7570,59.5102,46.6268,4.7863,-0.0914
3.7740,59.5102,45.7086,3.5224,-0.0399
3.7910,59.5102,44.8828,2.3881,0.0071
3.8070,59.5102,44.2529,1.4722,0.0478
3.8230,59.5102,43.8099,0.7240,0.0792
3.8390,59.5102,43.5791,0.1519,0.1034
3.8560,59.5102,43.5783,-0.2645,0.1205
3.8720,59.5102,43.8050,-0.4856,0.1310
3.8890,59.5102,44.2736,-0.5559,0.1343
3.9050,59.5102,44.9063,-0.4877,0.1316
3.9210,59.5102,45.6967,-0.3126,0.1242
3.9370,59.5102,46.6128,-0.0547,0.1129
3.9540,59.5102,47.6862,0.2829,0.0988
3.9710,59.5102,48.8232,0.6586,0.0816
3.9880,59.5102,49.9842,1.0465,0.0634
4.0040,59.5102,51.0659,1.4017,0.0450
4.0210,59.5102,52.1726,1.7499,0.0285
4.0380,59.5102,53.2103,2.0537,0.0122
4.0550,59.5102,54.1583,2.3021,-0.0021
4.0710,59.5102,54.9553,2.4790,-0.0141
4.0870,59.5102,55.6522,2.5979,-0.0230
4.1040,59.5102,56.2801,2.6614,-0.0296
4.1210,59.5102,56.7942,2.6637,-0.0341
4.1370,59.5102,57.1791,2.6151,-0.0362
4.1530,59.5102,57.4760,2.5239,-0.0363
4.1690,59.5102,57.6946,2.3974,-0.0347
4.1860,59.5102,57.8535,2.2332,-0.0319
4.2020,-45.5510,59.2688,3.0052,1.4391
4.2190,-45.5510,63.0612,5.4587,1.1779
4.2350,-45.5510,68.0517,8.7699,0.8614
4.2510,-45.5510,73.7084,12.5651,0.5406
4.2670,-45.5510,79.4005,16.4360,0.2057
4.2830,-45.5510,84.5770,20.0406,-0.1319
4.2990,-45.5510,88.7861,23.1070,-0.4573
4.3160,-45.5510,91.8135,25.5520,-0.7559
4.3330,-45.5510,93.0664,27.0057,-1.0328
4.3500,-45.5510,92.3287,27.3674,-1.2633
4.3660,-45.5510,89.6778,26.6656,-1.4501
4.3820,-45.5510,85.0275,24.9390,-1.5926
4.3990,-45.5510,77.8141,21.9925,-1.7109
4.4160,-45.5510,68.1947,17.9221,-1.8156
4.4320,-45.5510,56.9109,13.0800,-1.8923
4.4490,-45.5510,42.6068,6.8778,-1.9118
4.4660,-45.5510,26.1896,-0.3594,-1.8152
4.4830,-45.5510,8.3237,-8.4580,-1.5018
4.4990,-45.5510,-8.7506,-16.4945,-0.8811
4.5160,-45.5510,-25.6385,-24.7948,-0.0148
4.5330,-45.5510,-39.6957,-32.0350,1.0846
4.5500,-45.5510,-51.4028,-38.5184,0.0000
4.5670,-45.5510,-61.8779,-44.9434,0.0000
4.5830,-45.5510,-70.7332,-51.0112,0.0000
4.6000,-45.5510,-79.1873,-57.5365,0.0000
4.6170,-45.5510,-86.7577,-64.1865,0.0000
4.6340,-45.5510,-93.5322,-70.9976,0.0000
4.6510,-45.5510,-99.5858,-78.0008,0.0000
4.6670,-45.5510,-104.6809,-84.7919,0.0000
4.6840,-45.5510,-109.5033,-92.2432,0.0000
4.7000,-45.5510,-113.5208,-99.4979,0.0000
4.7160,-45.5510,-117.0587,-107.0039,0.0000
4.7330,-45.5510,-120.3114,-115.2707,0.0000
4.7490,-45.5510,-122.9082,-123.3371,0.0000
4.7660,-45.5510,-125.1833,-132.2166,0.0000
4.7830,-45.5510,-126.9740,-141.4053,0.0000
4.7990,-45.5510,-128.2453,-150.3045,0.0000
4.8150,-45.5510,-129.1723,-159.3816,0.0000
4.8310,-45.5510,-129.8518,-168.5281,0.0000
4.8480,-45.5510,-130.4533,-178.1550,0.0000
4.8640,-45.5510,-131.0576,173.0403,0.0000
4.8810,-45.5510,-131.8692,164.1111,0.0000
4.8970,-45.5510,-132.8542,156.1965,0.0000
4.9130,-45.5510,-134.0641,148.7958,0.0000
4.9290,-45.5510,-135.4790,141.9182,0.0000
4.9450,-45.5510,-137.0655,135.5593,0.0000
4.9610,-45.5510,-138.7871,129.7098,0.0000
4.9770,-45.5510,-140.6084,124.3601,0.0000
4.9930,-45.5510,-142.4973,119.5015,0.0000
5.0100,-45.5510,-144.5466,114.8689,0.0000
5.0260,-45.5510,-146.4890,111.0004,0.0000
5.0420,-45.5510,-148.4228,107.6023,0.0000
5.0580,-45.5510,-150.3297,104.6685,0.0000
5.0740,-45.5510,-152.1947,102.1926,0.0000
5.0900,-45.5510,-154.0059,100.1678,0.0000
5.1070,-45.5510,-155.8612,98.5023,0.0000
5.1240,-45.5510,-157.6386,97.3278,0.0000
5.1410,-45.5510,-159.3346,96.6338,0.0000
5.1570,-45.5510,-160.8566,96.4094,0.0000
5.1730,-45.5510,-162.3092,96.5906,0.0000
5.1900,0.0000,-0.0546,0.5363,-0.0550
5.2070,0.0000,-0.2009,0.4397,-0.0485
5.2230,0.0000,-0.4011,0.3099,-0.0404
5.2400,0.0000,-0.6575,0.1471,-0.0319
5.2570,0.0000,-0.9376,-0.0269,-0.0224
5.2740,0.0000,-1.2213,-0.1988,-0.0129
5.2910,0.0000,-1.4912,-0.3577,-0.0041
5.3070,0.0000,-1.7200,-0.4879,0.0039
5.3230,0.0000,-1.9147,-0.5939,0.0104
5.3400,0.0000,-2.0777,-0.6768,0.0156
5.3560,0.0000,-2.1862,-0.7258,0.0199
5.3730,0.0000,-2.2524,-0.7472,0.0226
5.3900,0.0000,-2.2696,-0.7390,0.0242
5.4060,0.0000,-2.2439,-0.7072,0.0245
5.4220,0.0000,-2.1821,-0.6556,0.0239
5.4390,0.0000,-2.0827,-0.5833,0.0224
5.4560,0.0000,-1.9555,-0.4980,0.0202
5.4720,0.0000,-1.8171,-0.4101,0.0174
5.4890,16.5306,-1.8914,-0.4810,-0.2162
5.5060,16.5306,-2.3354,-0.8169,-0.1744
5.5230,16.5306,-3.0234,-1.3239,-0.1272
5.5390,16.5306,-3.7876,-1.8809,-0.0779
5.5550,16.5306,-4.5722,-2.4514,-0.0323
5.5710,16.5306,-5.3013,-2.9853,0.0106
5.5870,16.5306,-5.9127,-3.4429,0.0493
5.6030,16.5306,-6.3588,-3.7957,0.0825
5.6190,16.5306,-6.6064,-4.0253,0.1096
5.6360,16.5306,-6.6307,-4.1245,0.1301
5.6520,16.5306,-6.4227,-4.0817,0.1447
5.6690,16.5306,-5.9615,-3.8987,0.1518
5.6860,16.5306,-5.2703,-3.5891,0.1530
5.7020,16.5306,-4.4338,-3.2001,0.1483
5.7190,16.5306,-3.3794,-2.7056,0.1395
5.7360,16.5306,-2.1914,-2.1522,0.1263
5.7530,16.5306,-0.9100,-1.5654,0.1102
5.7690,16.5306,0.3453,-1.0050,0.0924
5.7850,16.5306,1.6149,-0.4565,0.0749
5.8010,16.5306,2.8695,0.0636,0.0575
5.8180,16.5306,4.1578,0.5700,0.0408
5.8340,16.5306,5.3060,0.9922,0.0243
5.8510,16.5306,6.4379,1.3741,0.0106
5.8680,16.5306,7.4657,1.6826,-0.0018
5.8840,16.5306,8.3299,1.9042,-0.0117
5.9010,16.5306,9.1351,2.0681,-0.0186
5.9170,16.5306,9.7880,2.1588,-0.0236
5.9330,16.5306,10.3436,2.1935,-0.0261
5.9500,16.5306,10.8356,2.1766,-0.0268
5.9660,16.5306,11.2158,2.1183,-0.0258
5.9820,16.5306,11.5266,2.0272,-0.0236
5.9980,16.5306,11.7793,1.9118,-0.0203
6.0140,16.5306,11.9855,1.7798,-0.0165
6.0310,16.5306,12.1658,1.6298,-0.0122
6.0480,16.5306,12.3183,1.4773,-0.0075
6.0650,16.5306,12.4539,1.3290,-0.0030
6.0820,16.5306,12.5822,1.1903,0.0013
6.0990,16.5306,12.7108,1.0653,0.0049
6.1160,16.5306,12.8454,0.9567,0.0080
6.1330,16.5306,12.9900,0.8658,0.0103
6.1500,16.5306,13.1466,0.7931,0.0119
6.1670,16.5306,13.3160,0.7379,0.0128
6.1840,16.5306,13.4973,0.6987,0.0130
6.2010,16.5306,13.6890,0.6736,0.0127
6.2170,16.5306,13.8766,0.6607,0.0118
6.2340,16.5306,14.0806,0.6559,0.0107
6.2510,16.5306,14.2863,0.6577,0.0092
6.2680,16.5306,14.4903,0.6636,0.0075
6.2840,16.5306,14.6779,0.6707,0.0057
6.3010,16.5306,14.8696,0.6780,0.0041
6.3180,16.5306,15.0512,0.6833,0.0024
6.3340,16.5306,15.2111,0.6853,0.0009
6.3510,-19.4694,15.8777,1.0483,0.5023
6.3670,-19.4694,17.2438,1.9146,0.4031
6.3830,-19.4694,19.0762,3.1047,0.2996
6.3990,-19.4694,21.1481,4.4581,0.1918
6.4150,-19.4694,23.2546,5.8354,0.0847
6.4320,-19.4694,25.3338,7.1966,-0.0171
6.4490,-19.4694,27.0839,8.3493,-0.1158
6.4650,-19.4694,28.3106,9.1723,-0.2006
6.4810,-19.4694,29.0488,9.6968,-0.2651
6.4980,-19.4694,29.2514,9.9066,-0.3140
6.5150,-19.4694,28.8410,9.7602,-0.3487
6.5320,-19.4694,27.8321,9.2769,-0.3664
6.5480,-19.4694,26.3725,8.5459,-0.3685
6.5650,-19.4694,24.3391,7.5207,-0.3579
6.5810,-19.4694,22.0401,6.3705,-0.3353
6.5980,-19.4694,19.2750,5.0089,-0.3054
6.6140,-19.4694,16.4534,3.6493,-0.2662
6.6310,-19.4694,13.3193,2.1802,-0.2245
6.6480,-19.4694,10.1389,0.7399,-0.1768
6.6650,-19.4694,7.0049,-0.6203,-0.1280
6.6820,-19.4694,3.9998,-1.8567,-0.0802
6.6980,-19.4694,1.3525,-2.8757,-0.0355
6.7140,-19.4694,-1.0707,-3.7320,0.0019
6.7300,-19.4694,-3.2373,-4.4130,0.0337
6.7460,-19.4694,-5.1281,-4.9146,0.0591
6.7620,-19.4694,-6.7361,-5.2396,0.0777
6.7790,-19.4694,-8.1400,-5.4024,0.0895
6.7950,-19.4694,-9.1902,-5.4003,0.0952
6.8110,-19.4694,-10.0005,-5.2673,0.0946
6.8280,-19.4694,-10.6306,-5.0077,0.0891
6.8450,-19.4694,-11.0612,-4.6544,0.0791
6.8610,-19.4694,-11.3218,-4.2625,0.0660
6.8770,-19.4694,-11.4783,-3.8374,0.0520
6.8930,-19.4694,-11.5639,-3.4006,0.0372
6.9100,-19.4694,-11.6111,-2.9444,0.0224
6.9260,-19.4694,-11.6421,-2.5388,0.0075
6.9420,-19.4694,-11.6833,-2.1693,-0.0052
6.9590,-19.4694,-11.7578,-1.8260,-0.0161
6.9760,-19.4694,-11.8780,-1.5396,-0.0256
6.9930,-19.4694,-12.0535,-1.3130,-0.0328
7.0100,-19.4694,-12.2884,-1.1456,-0.0375
7.0260,-19.4694,-12.5632,-1.0390,-0.0399
7.0420,-19.4694,-12.8866,-0.9772,-0.0403
7.0580,-19.4694,-13.2521,-0.9541,-0.0390
7.0750,-19.4694,-13.6780,-0.9644,-0.0364
7.0910,-19.4694,-14.1045,-0.9993,-0.0324
7.1070,-19.4694,-14.5459,-1.0511,-0.0279
7.1230,78.2449,-16.2236,-1.9942,-1.3873
7.1390,78.2449,-19.8920,-4.3471,-1.1339
7.1550,78.2449,-24.8763,-7.6180,-0.8486
7.1710,78.2449,-30.5223,-11.3588,-0.5416
7.1870,78.2449,-36.2223,-15.1757,-0.2213
7.2040,78.2449,-41.7470,-18.9479,0.1012
7.2210,78.2449,-46.2263,-22.1299,0.4314
7.2380,78.2449,-49.2600,-24.4886,0.7314
7.2540,78.2449,-50.5365,-25.8154,0.9888
7.2710,78.2449,-50.0234,-26.1859,1.1873
7.2870,78.2449,-47.6766,-25.5275,1.3538
7.3030,78.2449,-43.4465,-23.8884,1.4744
7.3190,78.2449,-37.2916,-21.2896,1.5670
7.3360,78.2449,-28.6231,-17.5143,1.6359
7.3530,78.2449,-17.7843,-12.7416,1.6793
7.3690,78.2449,-5.6965,-7.3892,1.6706
7.3850,78.2449,7.9847,-1.2809,1.5745
7.4010,78.2449,22.8001,5.4331,1.3388
7.4170,78.2449,38.0039,12.4753,0.9137
7.4340,78.2449,53.4791,19.8363,0.2898
7.4510,78.2449,67.0282,26.4510,-0.5276
7.4680,78.2449,77.5419,31.6643,-1.3742
7.4850,78.2449,85.9768,36.0412,0.0000
7.5020,78.2449,93.6333,40.3883,0.0000
7.5180,78.2449,100.2017,44.5068,0.0000
7.5350,78.2449,106.5685,48.9578,0.0000
7.5520,78.2449,112.3613,53.5255,0.0000
7.5680,78.2449,117.3330,57.9616,0.0000
7.5850,78.2449,122.1442,62.8485,0.0000
7.6010,78.2449,126.2593,67.6339,0.0000
7.6180,78.2449,130.2199,72.9377,0.0000
7.6340,78.2449,133.5801,78.1541,0.0000
7.6500,78.2449,136.5995,83.6038,0.0000
7.6660,78.2449,139.2888,89.3008,0.0000
7.6820,78.2449,141.6552,95.2571,0.0000
7.6980,78.2449,143.7020,101.4835,0.0000
7.7140,78.2449,145.4291,107.9886,0.0000
7.7300,78.2449,146.8338,114.7786,0.0000
7.7470,78.2449,147.9680,122.3078,0.0000
7.7630,78.2449,148.6947,129.6870,0.0000
7.7790,78.2449,149.0928,137.3367,0.0000
7.7960,78.2449,149.1716,145.7288,0.0000
7.8120,78.2449,148.9599,153.8205,0.0000
7.8290,78.2449,148.5089,162.5268,0.0000
7.8450,78.2449,147.9783,170.6989,0.0000
7.8610,78.2449,147.4692,178.7083,0.0000
7.8770,78.2449,147.0956,-173.5784,0.0000
7.8940,78.2449,146.9368,-165.8224,0.0000
7.9100,78.2449,147.0489,-159.0015,0.0000
7.9260,78.2449,147.4131,-152.6723,0.0000
7.9420,78.2449,148.0053,-146.8394,0.0000
7.9580,78.2449,148.7912,-141.4962,0.0000
7.9740,78.2449,149.7345,-136.6320,0.0000
7.9900,78.2449,150.8008,-132.2353,0.0000
8.0060,78.2449,151.9593,-128.2954,0.0000
8.0230,78.2449,153.2614,-124.5993,0.0000
8.0390,78.2449,154.5303,-121.5726,0.0000
8.0550,78.2449,155.8219,-118.9762,0.0000
8.0710,78.2449,157.1211,-116.8025,0.0000
8.0870,78.2449,158.4157,-115.0440,0.0000
8.1030,78.2449,159.6968,-113.6931,0.0000
8.1190,78.2449,160.9578,-112.7420,0.0000
8.1350,78.2449,162.1950,-112.1822,0.0000
8.1510,78.2449,163.4067,-112.0054,0.0000
8.1670,78.2449,164.5937,-112.2022,0.0000
8.1830,78.2449,165.7583,-112.7633,0.0000
8.2000,78.2449,166.9759,-113.7474,0.0000
8.2160,78.2449,168.1091,-115.0277,0.0000
8.2320,78.2449,169.2366,-116.6403,0.0000
8.2490,78.2449,170.4370,-118.7046,0.0000
