Time [s],satellite_chart_series_1,satellite_chart_series_2,wheel_chart_series_1,u_chart_series_1
0.0000,-0.4300,-0.3707,0.0102,0.0031
0.0170,-0.4300,-0.3718,0.0100,0.0031
0.0330,-0.4300,-0.3728,0.0098,0.0030
0.0500,-0.4300,-0.3738,0.0096,0.0029
0.0670,-0.4300,-0.3748,0.0095,0.0029
0.0840,-0.4300,-0.3758,0.0093,0.0028
0.1010,-0.4300,-0.3768,0.0091,0.0028
0.1170,-0.4300,-0.3777,0.0090,0.0027
0.1330,-0.4300,-0.3786,0.0088,0.0027
0.1490,-0.4300,-0.3795,0.0086,0.0027
0.1660,-0.4300,-0.3804,0.0085,0.0026
0.1820,-0.4300,-0.3812,0.0083,0.0026
0.1980,-0.4300,-0.3821,0.0082,0.0025
0.2140,-0.4300,-0.3829,0.0080,0.0025
0.2300,-0.4300,-0.3837,0.0079,0.0024
0.2470,-0.4300,-0.3845,0.0078,0.0024
0.2630,-0.4300,-0.3853,0.0076,0.0023
0.2790,-0.4300,-0.3860,0.0075,0.0023
0.2960,-0.4300,-0.3868,0.0073,0.0023
0.3130,-0.4300,-0.3876,0.0072,0.0022
0.3290,-0.4300,-0.3883,0.0071,0.0022
0.3460,-0.4300,-0.3891,0.0069,0.0022
0.3620,-0.4300,-0.3898,0.0068,0.0021
0.3780,-0.4300,-0.3905,0.0067,0.0021
0.3950,-0.4300,-0.3912,0.0066,0.0020
0.4120,-0.4300,-0.3919,0.0065,0.0020
0.4290,-0.4300,-0.3926,0.0063,0.0020
0.4460,-0.4300,-0.3932,0.0062,0.0019
0.4620,-0.4300,-0.3939,0.0061,0.0019
0.4780,-0.4300,-0.3945,0.0060,0.0019
0.4940,-0.4300,-0.3951,0.0059,0.0018
0.5100,-0.4300,-0.3957,0.0058,0.0018
0.5260,-0.4300,-0.3962,0.0057,0.0018
0.5430,-0.4300,-0.3969,0.0056,0.0017
0.5590,-0.4300,-0.3974,0.0055,0.0017
0.5750,-0.4300,-0.3980,0.0054,0.0017
0.5910,-0.4300,-0.3985,0.0053,0.0017
0.6070,-0.4300,-0.3991,0.0052,0.0016
0.6240,-0.4300,-0.3996,0.0051,0.0016
0.6410,-0.4300,-0.4002,0.0050,0.0016
0.6580,-0.4300,-0.4007,0.0049,0.0015
0.6740,-0.4300,-0.4012,0.0048,0.0015
0.6910,-0.4300,-0.4017,0.0047,0.0015
0.7070,-0.4300,-0.4022,0.0046,0.0015
0.7230,-0.4300,-0.4027,0.0045,0.0014
0.7400,-0.4300,-0.4032,0.0045,0.0014
0.7560,-68.9903,-0.4739,0.7195,-11.9646
0.7730,-68.9903,-0.6222,1.4206,-11.0329
0.7890,-68.9903,-0.8211,2.0253,-10.1055
0.8050,-68.9903,-1.0748,2.5818,-9.2932
0.8210,-68.9903,-1.3787,3.0931,-8.5332
0.8370,-68.9903,-1.7287,3.5623,-7.8224
0.8540,-68.9903,-2.1482,4.0188,-7.1578
0.8700,-68.9903,-2.5815,4.4093,-6.4973
0.8860,-68.9903,-3.0498,4.7654,-5.9193
0.9020,-68.9903,-3.5499,5.0895,-5.3793
0.9180,-68.9903,-4.0789,5.3835,-4.8750
0.9350,-68.9903,-4.6706,5.6662,-4.4041
0.9510,-68.9903,-5.2508,5.9046,-3.9368
0.9670,-68.9903,-5.8522,6.1186,-3.5287
0.9830,-68.9903,-6.4724,6.3100,-3.1480
0.9990,-68.9903,-7.1093,6.4803,-2.7932
1.0150,-68.9903,-7.7611,6.6309,-2.4625
1.0310,-68.9903,-8.4260,6.7632,-2.1545
1.0470,-68.9903,-9.1022,6.8785,-1.8678
1.0630,-68.9903,-9.7882,6.9778,-1.6011
1.0790,-68.9903,-10.4825,7.0624,-1.3530
1.0960,-68.9903,-11.2282,7.1377,-1.1225
1.1130,-68.9903,-11.9802,7.1986,-0.8950
1.1300,-68.9903,-12.7373,7.2461,-0.6848
1.1470,-68.9903,-13.4981,7.2814,-0.4909
1.1640,-68.9903,-14.2615,7.3054,-0.3121
1.1800,-68.9903,-14.9812,7.3181,-0.1474
1.1960,-68.9903,-15.7014,7.3223,-0.0049
1.2130,-68.9903,-16.4663,7.3184,0.1268
1.2300,-68.9903,-17.2299,7.3063,0.2559
1.2460,-68.9903,-17.9469,7.2878,0.3743
1.2620,-68.9903,-18.6615,7.2632,0.4763
1.2790,-68.9903,-19.4174,7.2311,0.5700
1.2950,-68.9903,-20.1255,7.1955,0.6613
1.3110,-68.9903,-20.8296,7.1551,0.7396
1.3270,-68.9903,-21.5294,7.1104,0.8112
1.3430,-68.9903,-22.2244,7.0618,0.8765
1.3600,-68.9903,-22.9572,7.0064,0.9359
1.3760,-68.9903,-23.6414,6.9508,0.9931
1.3930,-68.9903,-24.3619,6.8886,1.0416
1.4090,-68.9903,-25.0341,6.8272,1.0880
1.4250,-68.9903,-25.7001,6.7635,1.1270
1.4420,-68.9903,-26.4004,6.6936,1.1619
1.4580,-68.9903,-27.0529,6.6257,1.1948
1.4740,-68.9903,-27.6987,6.5562,1.2220
1.4910,-68.9903,-28.3769,6.4808,1.2459
1.5070,-68.9903,-29.0082,6.4085,1.2679
1.5230,-68.9903,-29.6324,6.3351,1.2856
1.5390,-68.9903,-30.2492,6.2608,1.3007
1.5550,-68.9903,-30.8588,6.1856,1.3132
1.5710,-68.9903,-31.4609,6.1098,1.3235
1.5870,-68.9903,-32.0556,6.0335,1.3316
1.6040,-68.9903,-32.6789,5.9519,1.3378
1.6200,-68.9903,-33.2581,5.8749,1.3423
1.6370,-68.9903,-33.8649,5.7928,1.3448
1.6530,-68.9903,-34.4285,5.7155,1.3457
1.6700,-68.9903,-35.0188,5.6333,1.3451
1.6860,-68.9903,-35.5668,5.5561,1.3429
1.7020,-68.9903,-36.1072,5.4790,1.3397
1.7190,-68.9903,-36.6730,5.3973,1.3354
1.7350,-68.9903,-37.1979,5.3207,1.3295
1.7510,-68.9903,-37.7155,5.2444,1.3231
1.7670,-68.9903,-38.2256,5.1686,1.3159
1.7830,-68.9903,-38.7283,5.0932,1.3078
1.7990,-68.9903,-39.2237,5.0183,1.2990
1.8160,-68.9903,-39.7419,4.9392,1.2896
1.8320,-68.9903,-40.2223,4.8654,1.2788
1.8490,-68.9903,-40.7247,4.7876,1.2682
1.8650,-68.9903,-41.1905,4.7151,1.2563
1.8810,-68.9903,-41.6492,4.6432,1.2447
1.8980,-68.9903,-42.1287,4.5676,1.2327
1.9150,-68.9903,-42.6005,4.4927,1.2196
1.9310,-68.9903,-43.0377,4.4230,1.2061
1.9470,-68.9903,-43.4681,4.3541,1.1931
1.9630,-68.9903,-43.8919,4.2859,1.1800
1.9790,-68.9903,-44.3090,4.2185,1.1666
1.9960,-68.9903,-44.7449,4.1476,1.1530
2.0120,-68.9903,-45.1487,4.0818,1.1384
2.0280,-68.9903,-45.5462,4.0168,1.1246
2.0440,-68.9903,-45.9373,3.9525,1.1107
2.0600,-68.9903,-46.3223,3.8891,1.0967
2.0770,-68.9903,-46.7243,3.8226,1.0826
2.0930,-68.9903,-47.0967,3.7608,1.0676
2.1090,-68.9903,-47.4632,3.6998,1.0535
2.1260,-68.9903,-47.8459,3.6359,1.0394
2.1420,-68.9903,-48.2002,3.5767,1.0243
2.1580,-68.9903,-48.5489,3.5182,1.0102
2.1750,-68.9903,-48.9130,3.4569,0.9962
2.1910,-68.9903,-49.2501,3.4001,0.9813
2.2070,-68.9903,-49.5817,3.3441,0.9674
2.2230,-68.9903,-49.9079,3.2889,0.9535
2.2400,-68.9903,-50.2485,3.2311,0.9397
2.2560,-68.9903,-50.5638,3.1775,0.9251
2.2720,-68.9903,-50.8740,3.1247,0.9116
2.2890,-68.9903,-51.1978,3.0695,0.8981
2.3060,-68.9903,-51.5159,3.0151,0.8838
2.3220,-68.9903,-51.8105,2.9647,0.8697
2.3380,-68.9903,-52.1001,2.9151,0.8566
2.3540,-68.9903,-52.3850,2.8663,0.8436
2.3700,-68.9903,-52.6651,2.8181,0.8307
2.3860,-68.9903,-52.9406,2.7708,0.8180
2.4030,-68.9903,-53.2282,2.7212,0.8054
2.4190,-68.9903,-53.4944,2.6753,0.7921
2.4350,-68.9903,-53.7562,2.6301,0.7797
2.4520,-68.9903,-54.0294,2.5829,0.7676
2.4690,-68.9903,-54.2978,2.5364,0.7547
2.4850,-68.9903,-54.5461,2.4934,0.7420
2.5020,-68.9903,-54.8054,2.4484,0.7303
2.5190,-68.9903,-55.0600,2.4042,0.7180
2.5360,-68.9903,-55.3101,2.3608,0.7058
2.5520,-68.9903,-55.5416,2.3206,0.6938
2.5680,-68.9903,-55.7692,2.2810,0.6827
2.5850,-68.9903,-56.0067,2.2397,0.6717
2.6020,-68.9903,-56.2400,2.1990,0.6602
2.6190,-68.9903,-56.4691,2.1590,0.6488
2.6360,-68.9903,-56.6942,2.1198,0.6376
2.6530,-68.9903,-56.9152,2.0812,0.6266
2.6690,-68.9903,-57.1198,2.0455,0.6158
2.6860,-68.9903,-57.3332,2.0082,0.6057
2.7030,-68.9903,-57.5429,1.9715,0.5952
2.7200,-68.9903,-57.7488,1.9355,0.5848
2.7370,-68.9903,-57.9510,1.9001,0.5746
2.7530,-68.9903,-58.1381,1.8674,0.5646
2.7690,-68.9903,-58.3221,1.8352,0.5553
2.7860,-68.9903,-58.5140,1.8016,0.5462
2.8370,-68.9903,-58.6917,1.7704,0.5366
2.8540,-68.9903,-58.8770,1.7379,0.5277
2.8710,-68.9903,-59.0591,1.7060,0.5184
2.8880,-68.9903,-59.2378,1.6746,0.5093
2.9050,-68.9903,-59.4134,1.6438,0.5003
2.9220,-68.9903,-59.5858,1.6135,0.4915
2.9380,-68.9903,-59.7453,1.5855,0.4828
2.9540,-68.9903,-59.9022,1.5580,0.4748
2.9700,-68.9903,-60.0564,1.5309,0.4669
2.9860,-68.9903,-60.2080,1.5043,0.4591
3.0020,-68.9903,-60.3570,1.4781,0.4514
3.0180,-68.9903,-60.5035,1.4524,0.4439
3.0340,-68.9903,-60.6475,1.4271,0.4365
3.0510,-68.9903,-60.7974,1.3969,0.4875
3.0670,-68.9903,-60.9360,1.3711,0.4453
3.0830,-68.9903,-61.0726,1.3516,0.3375
3.0990,-68.9903,-61.2077,1.3355,0.2824
3.1150,-68.9903,-61.3417,1.3247,0.1923
3.1320,-68.9903,-61.4838,1.3217,0.0589
3.1480,-68.9903,-61.6177,1.3243,-0.0313
3.1650,-68.9903,-61.7613,1.3354,-0.1633
3.1810,-68.9903,-61.8981,1.3526,-0.2756
3.1970,-68.9903,-62.0371,1.3758,-0.3757
3.2130,-68.9903,-62.1789,1.4033,-0.4489
3.2300,-68.9903,-62.3333,1.4387,-0.5454
3.2460,-68.9903,-62.4824,1.4772,-0.6312
3.2620,-68.9903,-62.6358,1.5216,-0.7293
3.2780,-68.9903,-62.7940,1.5701,-0.7975
3.2950,-68.9903,-62.9674,1.6208,-0.7841
3.3110,-68.9903,-63.1350,1.6655,-0.7335
3.3270,-68.9903,-63.3065,1.7050,-0.6472
3.3430,-68.9903,-63.4811,1.7366,-0.5129
3.3590,-68.9903,-63.6581,1.7607,-0.3875
3.3750,-68.9903,-63.8368,1.7778,-0.2705
3.3920,-68.9903,-64.0278,1.7891,-0.1617
3.4080,-68.9903,-64.2080,1.7933,-0.0543
3.4250,-68.9903,-64.3993,1.7918,0.0386
3.4410,-68.9903,-64.5788,1.7850,0.1298
3.4650,-68.9903,-64.8454,1.7678,0.2083
3.4840,-68.9903,-65.0540,1.7465,0.3157
3.5080,-68.9903,-65.3126,1.7130,0.3897
3.5240,-68.9903,-65.4823,1.6856,0.4722
3.5410,-68.9903,-65.6593,1.6536,0.5196
3.5580,-68.9903,-65.8327,1.6187,0.5645
3.5740,-68.9903,-65.9924,1.5835,0.6038
3.5900,-68.9903,-66.1485,1.5463,0.6362
3.6060,-68.9903,-66.3008,1.5074,0.6642
3.6230,-68.9903,-66.4581,1.4646,0.6883
3.6390,-68.9903,-66.6021,1.4229,0.7096
3.6550,-68.9903,-66.7419,1.3803,0.7261
3.6710,-68.9903,-66.8775,1.3369,0.7392
3.6870,-68.9903,-67.0087,1.2928,0.7492
3.7030,-68.9903,-67.1356,1.2483,0.7564
3.7190,32.6896,-67.1157,-0.2452,25.0000
3.7350,32.6896,-66.9491,-1.7394,25.0000
3.7510,32.6896,-66.6357,-3.2345,25.0000
3.7670,32.6896,-66.1753,-4.7304,25.0000
3.7840,32.6896,-65.5201,-6.3206,25.0000
3.8000,32.6896,-64.7563,-7.8181,25.0000
3.8160,32.6896,-63.8452,-9.3164,25.0000
3.8320,32.6896,-62.7869,-10.8155,25.0000
3.8480,32.6896,-61.5812,-12.3154,25.0000
3.8650,32.6896,-60.1336,-13.9099,25.0000
3.8810,32.6896,-58.6236,-15.4115,25.0000
3.8980,32.6896,-56.8555,-16.9785,24.5391
3.9150,32.6896,-54.9427,-18.3639,21.6650
3.9310,32.6896,-53.0301,-19.5065,18.9541
3.9470,32.6896,-51.0192,-20.5064,16.5555
3.9630,32.6896,-48.9232,-21.3715,14.2926
3.9800,32.6896,-46.6141,-22.1559,12.1615
3.9970,32.6896,-44.2371,-22.8054,10.0307
4.0140,32.6896,-41.8053,-23.3289,8.0402
4.0300,32.6896,-39.4788,-23.7110,6.1852
4.0470,32.6896,-36.9752,-24.0142,4.5632
4.0630,32.6896,-34.6000,-24.2037,2.9565
4.0790,32.6896,-32.2143,-24.3098,1.5584
4.0950,32.6896,-29.8256,-24.3384,0.2625
4.1110,32.6896,-27.4410,-24.2955,-0.9353
4.1270,32.6896,-25.0669,-24.1866,-2.0392
4.1430,32.6896,-22.7094,-24.0170,-3.0530
4.1590,32.6896,-20.3737,-23.7919,-3.9809
4.1750,32.6896,-18.0651,-23.5162,-4.8267
4.1910,32.6896,-15.7879,-23.1944,-5.5942
4.2070,32.6896,-13.5462,-22.8310,-6.2873
4.2230,32.6896,-11.3438,-22.4302,-6.9096
4.2400,32.6896,-9.0517,-21.9689,-7.4648
4.2560,32.6896,-6.9400,-21.5033,-7.9857
4.2720,32.6896,-4.8764,-21.0120,-8.4135
4.2880,32.6896,-2.8632,-20.4981,-8.7847
4.3040,32.6896,-0.9022,-19.9651,-9.1026
4.3210,32.6896,1.1205,-19.3813,-9.3703
4.3380,32.6896,3.0809,-18.7825,-9.6029
4.3550,32.6896,4.9777,-18.1717,-9.7858
4.3720,32.6896,6.8099,-17.5519,-9.9225
4.3890,32.6896,8.5769,-16.9258,-10.0161
4.4060,32.6896,10.2783,-16.2959,-10.0699
4.4230,32.6896,11.9139,-15.6646,-10.0870
4.4400,32.6896,13.4838,-15.0340,-10.0703
4.4560,32.6896,14.9034,-14.4430,-10.0226
4.4720,32.6896,16.2655,-13.8559,-9.9527
4.4890,32.6896,17.6482,-13.2376,-9.8598
4.5050,32.6896,18.8932,-12.6628,-9.7370
4.5210,32.6896,20.0825,-12.0956,-9.6030
4.5380,32.6896,21.2844,-11.5022,-9.4518
4.5540,32.6896,22.3618,-10.9542,-9.2731
4.5700,32.6896,23.3865,-10.4166,-9.0921
4.5860,32.6896,24.3595,-9.8903,-8.8990
4.6020,32.6896,25.2821,-9.3759,-8.6952
4.6190,32.6896,26.2067,-8.8426,-8.4823
4.6350,32.6896,27.0291,-8.3545,-8.2460
4.6510,32.6896,27.8048,-7.8797,-8.0181
4.6670,32.6896,28.5354,-7.4187,-7.7848
4.6840,32.6896,29.2620,-6.9436,-7.5470
4.7000,32.6896,29.9036,-6.5117,-7.2894
4.7160,32.6896,30.5041,-6.0941,-7.0459
4.7320,32.6896,31.0651,-5.6908,-6.8008
4.7490,32.6896,31.6181,-5.2778,-6.5551
4.7650,32.6896,32.1019,-4.9045,-6.2928
4.7810,32.6896,32.5505,-4.5457,-6.0480
4.7980,32.6896,32.9890,-4.1796,-5.8047
4.8150,32.6896,33.3910,-3.8298,-5.5472
4.8310,32.6896,33.7384,-3.5155,-5.2927
4.8480,32.6896,34.0744,-3.1963,-5.0575
4.8640,32.6896,34.3625,-2.9105,-4.8104
4.8810,32.6896,34.6384,-2.6211,-4.5830
4.8970,32.6896,34.8728,-2.3628,-4.3451
4.9130,32.6896,35.0830,-2.1175,-4.1269
4.9290,32.6896,35.2704,-1.8847,-3.9136
4.9450,32.6896,35.4362,-1.6643,-3.7054
4.9620,32.6896,35.5892,-1.4428,-3.5025
4.9780,32.6896,35.7140,-1.2468,-3.2921
4.9940,32.6896,35.8206,-1.0621,-3.1008
5.0110,32.6896,35.9147,-0.8776,-2.9152
5.0280,32.6896,35.9908,-0.7051,-2.7237
5.0440,32.6896,36.0475,-0.5538,-2.5389
5.0610,32.6896,36.0921,-0.4035,-2.3719
5.0770,32.6896,36.1212,-0.2722,-2.2003
5.0940,32.6896,36.1385,-0.1424,-2.0456
5.1100,32.6896,36.1438,-0.0297,-1.8873
5.1270,32.6896,36.1378,0.0811,-1.7449
5.1430,32.6896,36.1228,0.1767,-1.5995
5.1600,32.6896,36.0971,0.2701,-1.4693
5.1760,32.6896,36.0651,0.3501,-1.3367
5.1920,32.6896,36.0258,0.4231,-1.2182
5.2080,32.6896,35.9801,0.4894,-1.1053
5.2240,32.6896,35.9285,0.5493,-0.9978
5.2400,32.6896,35.8716,0.6031,-0.8957
5.2560,32.6896,35.8099,0.6512,-0.7989
5.2730,32.6896,35.7397,0.6965,-0.7071
5.2900,32.6896,35.6654,0.7359,-0.6148
5.3070,32.6896,35.5875,0.7699,-0.5279
5.3230,32.6896,35.5115,0.7969,-0.4464
5.3390,32.6896,35.4333,0.8198,-0.3747
5.3550,32.6896,35.3532,0.8386,-0.3073
5.3710,32.6896,35.2716,0.8536,-0.2442
5.3870,32.6896,35.1889,0.8651,-0.1852
5.4040,32.6896,35.1002,0.8739,-0.1302
5.4200,32.6896,35.0161,0.8789,-0.0758
5.4360,32.6896,34.9318,0.8811,-0.0285
5.4520,32.6896,34.8476,0.8806,0.0152
5.4680,32.6896,34.7636,0.8778,0.0556
5.4850,32.6896,34.6750,0.8724,0.0928
5.5010,32.6896,34.5922,0.8651,0.1289
5.5180,32.6896,34.5053,0.8555,0.1598
5.5350,32.6896,34.4196,0.8439,0.1896
5.5510,32.6896,34.3402,0.8314,0.2164
5.5680,32.6896,34.2573,0.8167,0.2390
5.5850,32.6896,34.1761,0.8007,0.2604
5.6020,32.6896,34.0967,0.7834,0.2792
5.6190,32.6896,34.0192,0.7651,0.2956
5.6360,32.6896,33.9437,0.7458,0.3097
5.6530,32.6896,33.8703,0.7258,0.3216
5.6690,32.6896,33.8031,0.7064,0.3316
5.6850,32.6896,33.7379,0.6865,0.3393
5.7010,32.6896,33.6746,0.6662,0.3454
5.7170,32.6896,33.6134,0.6457,0.3501
5.7330,32.6896,33.5542,0.6249,0.3534
5.7490,32.6896,33.4970,0.6040,0.3555
5.7650,32.6896,33.4419,0.5830,0.3564
5.7820,32.6896,33.3857,0.5607,0.3562
5.7980,32.6896,33.3348,0.5398,0.3548
5.8150,32.6896,33.2831,0.5177,0.3527
5.8310,32.6896,33.2364,0.4971,0.3494
5.8470,32.6896,33.1917,0.4767,0.3456
5.8630,32.6896,33.1491,0.4566,0.3411
5.8790,32.6896,33.1083,0.4367,0.3360
5.8950,32.6896,33.0695,0.4172,0.3303
5.9110,32.6896,33.0325,0.3981,0.3241
5.9280,32.6896,32.9953,0.3781,0.3174
5.9450,32.6896,32.9601,0.3587,0.3099
5.9610,32.6896,32.9288,0.3408,0.3020
5.9770,32.6896,32.8992,0.3234,0.2942
5.9930,32.6896,32.8712,0.3065,0.2863
6.0100,32.6896,32.8433,0.2890,0.2781
6.0260,32.6896,32.8186,0.2731,0.2692
6.0420,32.6896,32.7954,0.2576,0.2607
6.0580,147.7575,32.9190,-1.2364,25.0000
6.0740,147.7575,33.1894,-2.7312,25.0000
6.0900,147.7575,33.6067,-4.2267,25.0000
6.1070,147.7575,34.2161,-5.8167,25.0000
6.1230,147.7575,34.9367,-7.3139,25.0000
6.1400,147.7575,35.8686,-8.9056,25.0000
6.1570,147.7575,36.9667,-10.4983,25.0000
6.1740,147.7575,38.2312,-12.0918,25.0000
6.1900,147.7575,39.5689,-13.5924,25.0000
6.2070,147.7575,41.1567,-15.1876,25.0000
6.2240,147.7575,42.9112,-16.7838,25.0000
6.2400,147.7575,44.7102,-18.2869,25.0000
6.2560,147.7575,46.6571,-19.7908,25.0000
6.2720,147.7575,48.7435,-21.2099,23.5695
6.2890,147.7575,51.0991,-22.5384,20.7307
6.3060,147.7575,53.5747,-23.6865,17.8778
6.3220,147.7575,55.9953,-24.6074,15.1985
6.3380,147.7575,58.4927,-25.3878,12.8379
6.3550,147.7575,61.2182,-26.0767,10.6207
6.3710,147.7575,63.8343,-26.5932,8.4103
6.3870,147.7575,66.4900,-26.9944,6.4747
6.4040,147.7575,69.3444,-27.3061,4.6681
6.4200,147.7575,72.0494,-27.4928,2.8800
6.4360,147.7575,74.7638,-27.5866,1.3252
6.4520,147.7575,77.4792,-27.5945,-0.1147
6.4680,147.7575,80.1877,-27.5229,-1.4446
6.4840,147.7575,82.8821,-27.3780,-2.6689
6.5010,147.7575,85.7216,-27.1527,-3.7923
6.5180,147.7575,88.5305,-26.8581,-4.8828
6.5340,147.7575,91.1414,-26.5216,-5.8691
6.5500,147.7575,93.7144,-26.1350,-6.7055
6.5660,147.7575,96.2452,-25.7032,-7.4590
6.5820,147.7575,98.7297,-25.2307,-8.1338
6.5990,147.7575,101.3133,-24.6904,-8.7340
6.6160,147.7575,103.8369,-24.1141,-9.2950
6.6320,147.7575,106.1561,-23.5425,-9.7807
6.6480,147.7575,108.4169,-22.9470,-10.1729
6.6640,147.7575,110.6175,-22.3314,-10.5062
6.6800,147.7575,112.7560,-21.6988,-10.7841
6.6960,147.7575,114.8311,-21.0523,-11.0102
6.7130,147.7575,116.9632,-20.3538,-11.1876
6.7290,147.7575,118.9046,-19.6878,-11.3258
6.7450,147.7575,120.7801,-19.0162,-11.4130
6.7610,147.7575,122.5895,-18.3413,-11.4611
6.7770,147.7575,124.3325,-17.6654,-11.4729
6.7940,147.7575,126.1098,-16.9483,-11.4511
6.8100,147.7575,127.7167,-16.2764,-11.3928
6.8260,147.7575,129.2581,-15.6091,-11.3100
6.8430,147.7575,130.8227,-14.9067,-11.2013
6.8590,147.7575,132.2312,-14.2537,-11.0586
6.8760,147.7575,133.6564,-13.5694,-10.9036
6.8920,147.7575,134.9356,-12.9361,-10.7164
6.9090,147.7575,136.2259,-12.2752,-10.5240
6.9260,147.7575,137.4488,-11.6280,-10.3013
6.9430,147.7575,138.6057,-10.9955,-10.0636
6.9600,147.7575,139.6983,-10.3786,-9.8127
6.9760,147.7575,140.6712,-9.8133,-9.5506
6.9920,147.7575,141.5901,-9.2629,-9.2967
7.0080,147.7575,142.4564,-8.7279,-9.0356
7.0250,147.7575,143.3194,-8.1760,-8.7688
7.0410,147.7575,144.0824,-7.6736,-8.4786
7.0570,147.7575,144.7976,-7.1874,-8.2035
7.0730,147.7575,145.4667,-6.7176,-7.9260
7.0890,147.7575,146.0913,-6.2641,-7.6471
7.1050,147.7575,146.6730,-5.8271,-7.3677
7.1210,147.7575,147.2135,-5.4066,-7.0886
7.1370,147.7575,147.7143,-5.0024,-6.8106
7.1530,147.7575,148.1770,-4.6146,-6.5343
7.1700,147.7575,148.6274,-4.2196,-6.2606
7.1860,147.7575,149.0166,-3.8650,-5.9717
7.2020,147.7575,149.3725,-3.5261,-5.7049
7.2180,147.7575,149.6966,-3.2027,-5.4421
7.2340,147.7575,149.9905,-2.8946,-5.1839
7.2510,147.7575,150.2703,-2.5831,-4.9306
7.2670,147.7575,150.5064,-2.3056,-4.6661
7.2830,147.7575,150.7166,-2.0425,-4.4241
7.3000,147.7575,150.9124,-1.7777,-4.1879
7.3170,147.7575,151.0822,-1.5283,-3.9426
7.3330,147.7575,151.2203,-1.3077,-3.7045
7.3490,147.7575,151.3380,-1.1000,-3.4880
7.3650,147.7575,151.4365,-0.9046,-3.2781
7.3810,147.7575,151.5170,-0.7214,-3.0748
7.3980,147.7575,151.5836,-0.5390,-2.8783
7.4140,147.7575,151.6305,-0.3793,-2.6762
7.4310,147.7575,151.6639,-0.2212,-2.4937
7.4480,147.7575,151.6820,-0.0748,-2.3066
7.4650,147.7575,151.6860,0.0602,-2.1272
7.4810,147.7575,151.6783,0.1771,-1.9555
7.4980,147.7575,151.6582,0.2916,-1.8015
7.5150,147.7575,151.6271,0.3962,-1.6445
7.5320,147.7575,151.5861,0.4913,-1.4949
7.5490,147.7575,151.5361,0.5775,-1.3526
7.5650,147.7575,151.4819,0.6506,-1.2175
7.5820,147.7575,151.4170,0.7206,-1.0972
7.5990,147.7575,151.3455,0.7830,-0.9756
7.6150,147.7575,151.2732,0.8348,-0.8607
7.6320,147.7575,151.1912,0.8835,-0.7588
7.6480,147.7575,151.1102,0.9232,-0.6564
7.6640,147.7575,151.0258,0.9575,-0.5660
7.6800,147.7575,150.9385,0.9868,-0.4808
7.6960,147.7575,150.8488,1.0112,-0.4008
7.7130,147.7575,150.7513,1.0325,-0.3257
7.7300,147.7575,150.6520,1.0490,-0.2510
7.7460,147.7575,150.5574,1.0604,-0.1815
7.7620,147.7575,150.4621,1.0682,-0.1208
7.7780,147.7575,150.3663,1.0726,-0.0645
7.7940,147.7575,150.2704,1.0739,-0.0122
7.8100,147.7575,150.1747,1.0724,0.0361
7.8260,147.7575,150.0794,1.0681,0.0806
7.8420,147.7575,149.9847,1.0614,0.1215
7.8580,147.7575,149.8908,1.0525,0.1589
7.8750,147.7575,149.7924,1.0408,0.1930
7.8920,147.7575,149.6953,1.0271,0.2259
7.9090,147.7575,149.5999,1.0114,0.2554
7.9260,147.7575,149.5063,0.9941,0.2817
7.9430,147.7575,149.4146,0.9753,0.3049
7.9590,147.7575,149.3302,0.9564,0.3253
7.9750,147.7575,149.2477,0.9365,0.3420
7.9920,147.7575,149.1624,0.9144,0.3565
8.0080,147.7575,149.0842,0.8928,0.3695
8.0240,147.7575,149.0082,0.8706,0.3798
8.0400,147.7575,148.9344,0.8478,0.3882
8.0560,147.7575,148.8629,0.8247,0.3948
8.0720,147.7575,148.7937,0.8012,0.3998
8.0890,147.7575,148.7228,0.7761,0.4033
8.1050,147.7575,148.6583,0.7522,0.4054
8.1210,147.7575,148.5963,0.7284,0.4061
8.1370,147.7575,148.5365,0.7045,0.4056
8.1540,-7.2722,148.3073,2.2925,-25.0000
8.1700,-7.2722,147.9447,3.7878,-25.0000
8.1860,-7.2722,147.4351,5.2840,-25.0000
8.2020,-7.2722,146.7784,6.7809,-25.0000
8.2180,-7.2722,145.9745,8.2787,-25.0000
8.2350,-7.2722,144.9542,9.8709,-25.0000
8.2510,-7.2722,143.8466,11.3703,-25.0000
8.2680,-7.2722,142.5032,12.9643,-25.0000
8.2840,-7.2722,141.0914,14.4654,-25.0000
8.3010,-7.2722,139.4247,16.0611,-25.0000
8.3180,-7.2722,137.5912,17.6578,-25.0000
8.3340,-7.2722,135.7178,19.1614,-25.0000
8.3500,-7.2722,133.6965,20.6657,-25.0000
8.3660,-7.2722,131.5272,22.1709,-25.0000
8.3820,-7.2722,129.2098,23.6768,-25.0000
8.3990,-7.2722,126.5804,25.2778,-25.0000
8.4160,-7.2722,123.7836,26.8797,-25.0000
8.4320,-7.2722,121.0030,28.3882,-25.0000
8.4490,-7.2722,117.8810,29.9918,-25.0000
8.4660,-7.2722,114.6094,31.4225,-22.2617
8.4830,-7.2722,111.2110,32.6362,-18.8321
8.4990,-7.2722,107.9189,33.5871,-15.6199
8.5150,-7.2722,104.5497,34.3698,-12.7972
8.5310,-7.2722,101.1189,34.9950,-10.1532
8.5470,-7.2722,97.6409,35.4728,-7.6819
8.5630,-7.2722,94.1292,35.8130,-5.3772
8.5790,-7.2722,90.5965,36.0254,-3.2329
8.5950,-7.2722,87.0544,36.1189,-1.2429
8.6110,-7.2722,83.5136,36.1023,0.5989
8.6280,-7.2722,79.7645,35.9768,2.2986
8.6450,-7.2722,76.0391,35.7458,3.9595
8.6610,-7.2722,72.5630,35.4377,5.4731
8.6770,-7.2722,69.1245,35.0522,6.7666
8.6930,-7.2722,65.7305,34.5962,7.9422
8.7090,-7.2722,62.3874,34.0765,9.0055
8.7250,-7.2722,59.1008,33.4993,9.9622
8.7410,-7.2722,55.8757,32.8706,10.8174
8.7580,-7.2722,52.5236,32.1541,11.5767
8.7750,-7.2722,49.2508,31.3922,12.2847
8.7920,-7.2722,46.0614,30.5911,12.8959
8.8080,-7.2722,43.1366,29.8056,13.4160
8.8240,-7.2722,40.2911,28.9951,13.8277
8.8410,-7.2722,37.3599,28.1117,14.1686
8.8570,-7.2722,34.6843,27.2627,14.4576
8.8740,-7.2722,31.9368,26.3468,14.6664
8.8900,-7.2722,29.4365,25.4749,14.8242
8.9060,-7.2722,27.0222,24.5968,14.9184
8.9220,-7.2722,24.6943,23.7157,14.9630
8.9380,-7.2722,22.4529,22.8342,14.9615
8.9540,-7.2722,20.2977,21.9548,14.9175
8.9700,-7.2722,18.2283,21.0799,14.8344
8.9860,-7.2722,16.2441,20.2117,14.7154
9.0020,-7.2722,14.3441,19.3521,14.5635
9.0180,-7.2722,12.5275,18.5029,14.3817
9.0350,-7.2722,10.6900,17.6134,14.1729
9.0510,-7.2722,9.0414,16.7907,13.9223
9.0670,-7.2722,7.4719,15.9829,13.6659
9.0830,-7.2722,5.9801,15.1912,13.3901
9.0990,-7.2722,4.5644,14.4165,13.0972
9.1160,-7.2722,3.1439,13.6125,12.7893
9.1320,-7.2722,1.8793,12.8759,12.4460
9.1490,-7.2722,0.6150,12.1140,12.1137
9.1650,-7.2722,-0.5066,11.4183,11.7485
9.1810,-7.2722,-1.5619,10.7431,11.3992
9.1980,-7.2722,-2.6108,10.0479,11.0440
9.2150,-7.2722,-3.5896,9.3766,10.6599
9.2320,-7.2722,-4.5010,8.7296,10.2727
9.2490,-7.2722,-5.3475,8.1069,9.8837
9.2660,-7.2722,-6.1316,7.5086,9.4945
9.2830,-7.2722,-6.8558,6.9345,9.1063
9.3000,-7.2722,-7.5227,6.3847,8.7203
9.3160,-7.2722,-8.1018,5.8898,8.3375
9.3320,-7.2722,-8.6343,5.4159,7.9827
9.3480,-7.2722,-9.1224,4.9626,7.6322
9.3640,-7.2722,-9.5680,4.5298,7.2867
9.3800,-7.2722,-9.9731,4.1170,6.9467
9.3970,-7.2722,-10.3599,3.6994,6.6129
9.4130,-7.2722,-10.6874,3.3270,6.2640
9.4290,-7.2722,-10.9803,2.9735,5.9444
9.4450,-7.2722,-11.2402,2.6385,5.6322
9.4620,-7.2722,-11.4813,2.3017,5.3278
9.4790,-7.2722,-11.6892,1.9847,5.0119
9.4950,-7.2722,-11.8575,1.7045,4.7055
9.5120,-7.2722,-12.0070,1.4244,4.4270
9.5290,-7.2722,-12.1292,1.1623,4.1395
9.5450,-7.2722,-12.2216,0.9321,3.8620
9.5620,-7.2722,-12.2959,0.7034,3.6109
9.5790,-7.2722,-12.3480,0.4908,3.3529
9.5960,-7.2722,-12.3796,0.2939,3.1050
9.6120,-7.2722,-12.3925,0.1227,2.8672
9.6280,-7.2722,-12.3898,-0.0358,2.6533
9.6440,-7.2722,-12.3728,-0.1821,2.4482
9.6610,-7.2722,-12.3398,-0.3252,2.2518
9.6780,-7.2722,-12.2931,-0.4557,2.0518
9.6950,-7.2722,-12.2341,-0.5741,1.8613
9.7110,-7.2722,-12.1686,-0.6749,1.6803
9.7270,-7.2722,-12.0942,-0.7660,1.5190
9.7430,-7.2722,-12.0118,-0.8480,1.3657
9.7590,-7.2722,-11.9221,-0.9214,1.2201
9.7750,-7.2722,-11.8260,-0.9866,1.0822
9.7920,-7.2722,-11.7175,-1.0476,0.9517
9.8090,-7.2722,-11.6035,-1.1003,0.8206
9.8250,-7.2722,-11.4921,-1.1425,0.6974
9.8420,-7.2722,-11.3697,-1.1806,0.5889
9.8580,-7.2722,-11.2517,-1.2099,0.4805
9.8750,-7.2722,-11.1236,-1.2351,0.3854
9.8910,-7.2722,-11.0013,-1.2531,0.2908
9.9070,-7.2722,-10.8777,-1.2662,0.2081
9.9230,-7.2722,-10.7532,-1.2748,0.1312
9.9390,-7.2722,-10.6283,-1.2790,0.0598
9.9560,-7.2722,-10.4956,-1.2793,-0.0064
9.9720,-7.2722,-10.3710,-1.2757,-0.0713
9.9880,-7.2722,-10.2471,-1.2688,-0.1273
10.0040,-7.2722,-10.1241,-1.2588,-0.1786
10.0210,-7.2722,-9.9949,-1.2452,-0.2255
10.0370,-7.2722,-9.8748,-1.2297,-0.2708
10.0530,-7.2722,-9.7565,-1.2119,-0.3092
10.0690,-7.2722,-9.6401,-1.1920,-0.3438
10.0860,-7.2722,-9.5188,-1.1688,-0.3748
10.1020,-7.2722,-9.4070,-1.1453,-0.4040
10.1190,-7.2722,-9.2909,-1.1188,-0.4281
10.1350,-7.2722,-9.1843,-1.0925,-0.4504
10.1510,-7.2722,-9.0803,-1.0650,-0.4684
10.1680,-7.2722,-8.9729,-1.0349,-0.4837
10.1840,-7.2722,-8.8748,-1.0058,-0.4972
10.2000,-7.2722,-8.7795,-0.9760,-0.5074
10.2170,-7.2722,-8.6817,-0.9438,-0.5154
10.2330,-7.2722,-8.5926,-0.9131,-0.5216
10.2490,-7.2722,-8.5066,-0.8822,-0.5254
10.2660,-7.2722,-8.4186,-0.8492,-0.5275
10.2830,-7.2722,-8.3340,-0.8162,-0.5279
10.3000,-7.2722,-8.2529,-0.7832,-0.5265
10.3160,-7.2722,-8.1796,-0.7523,-0.5235
10.3320,-7.2722,-8.1093,-0.7217,-0.5195
10.3480,-7.2722,-8.0419,-0.6914,-0.5142
10.3650,-7.2722,-7.9737,-0.6595,-0.5079
10.3810,-7.2722,-7.9124,-0.6300,-0.5001
10.3980,-7.2722,-7.8505,-0.5991,-0.4920
10.4150,-7.2722,-7.7917,-0.5688,-0.4823
